image_id,image_path,model,model_name,predicted_label,score_good,score_bad,checkpoint_path,learning_rate,source_wandb_run_id,best_epoch,best_val_f1
p0_img0,data/raw/p0_img0.png,VGG16,vgg16,Good,0.626106,0.373894,outputs/checkpoints/best_vgg16_lr0.0001.pth,0.0001,sgxudag7,4,0.8307692307692308
p0_img1,data/raw/p0_img1.png,VGG16,vgg16,Good,0.721394,0.278606,outputs/checkpoints/best_vgg16_lr0.0001.pth,0.0001,sgxudag7,4,0.8307692307692308
p0_img10,data/raw/p0_img10.png,VGG16,vgg16,Good,0.864579,0.135421,outputs/checkpoints/best_vgg16_lr0.0001.pth,0.0001,sgxudag7,4,0.8307692307692308
p0_img11,data/raw/p0_img11.png,VGG16,vgg16,Good,0.87851,0.12149,outputs/checkpoints/best_vgg16_lr0.0001.pth,0.0001,sgxudag7,4,0.8307692307692308
p0_img12,data/raw/p0_img12.png,VGG16,vgg16,Good,0.807873,0.192127,outputs/checkpoints/best_vgg16_lr0.0001.pth,0.0001,sgxudag7,4,0.8307692307692308
p0_img13,data/raw/p0_img13.png,VGG16,vgg16,Good,0.915312,0.084688,outputs/checkpoints/best_vgg16_lr0.0001.pth,0.0001,sgxudag7,4,0.8307692307692308
p0_img14,data/raw/p0_img14.png,VGG16,vgg16,Good,0.676417,0.323583,outputs/checkpoints/best_vgg16_lr0.0001.pth,0.0001,sgxudag7,4,0.8307692307692308
p0_img15,data/raw/p0_img15.png,VGG16,vgg16,Good,0.902608,0.097392,outputs/checkpoints/best_vgg16_lr0.0001.pth,0.0001,sgxudag7,4,0.8307692307692308
p0_img16,data/raw/p0_img16.png,VGG16,vgg16,Good,0.824912,0.175088,outputs/checkpoints/best_vgg16_lr0.0001.pth,0.0001,sgxudag7,4,0.8307692307692308
p0_img17,data/raw/p0_img17.png,VGG16,vgg16,Good,0.901842,0.098158,outputs/checkpoints/best_vgg16_lr0.0001.pth,0.0001,sgxudag7,4,0.8307692307692308
p0_img18,data/raw/p0_img18.png,VGG16,vgg16,Good,0.767937,0.232063,outputs/checkpoints/best_vgg16_lr0.0001.pth,0.0001,sgxudag7,4,0.8307692307692308
p0_img19,data/raw/p0_img19.png,VGG16,vgg16,Good,0.919536,0.080464,outputs/checkpoints/best_vgg16_lr0.0001.pth,0.0001,sgxudag7,4,0.8307692307692308
p0_img2,data/raw/p0_img2.png,VGG16,vgg16,Good,0.854785,0.145215,outputs/checkpoints/best_vgg16_lr0.0001.pth,0.0001,sgxudag7,4,0.8307692307692308
p0_img20,data/raw/p0_img20.png,VGG16,vgg16,Good,0.785172,0.214829,outputs/checkpoints/best_vgg16_lr0.0001.pth,0.0001,sgxudag7,4,0.8307692307692308
p0_img21,data/raw/p0_img21.png,VGG16,vgg16,Good,0.948479,0.051521,outputs/checkpoints/best_vgg16_lr0.0001.pth,0.0001,sgxudag7,4,0.8307692307692308
p0_img22,data/raw/p0_img22.png,VGG16,vgg16,Good,0.874491,0.125509,outputs/checkpoints/best_vgg16_lr0.0001.pth,0.0001,sgxudag7,4,0.8307692307692308
p0_img23,data/raw/p0_img23.png,VGG16,vgg16,Good,0.691543,0.308457,outputs/checkpoints/best_vgg16_lr0.0001.pth,0.0001,sgxudag7,4,0.8307692307692308
p0_img24,data/raw/p0_img24.png,VGG16,vgg16,Good,0.848855,0.151145,outputs/checkpoints/best_vgg16_lr0.0001.pth,0.0001,sgxudag7,4,0.8307692307692308
p0_img25,data/raw/p0_img25.png,VGG16,vgg16,Good,0.80719,0.19281,outputs/checkpoints/best_vgg16_lr0.0001.pth,0.0001,sgxudag7,4,0.8307692307692308
p0_img26,data/raw/p0_img26.png,VGG16,vgg16,Good,0.880853,0.119147,outputs/checkpoints/best_vgg16_lr0.0001.pth,0.0001,sgxudag7,4,0.8307692307692308
p0_img27,data/raw/p0_img27.png,VGG16,vgg16,Good,0.794189,0.205811,outputs/checkpoints/best_vgg16_lr0.0001.pth,0.0001,sgxudag7,4,0.8307692307692308
p0_img28,data/raw/p0_img28.png,VGG16,vgg16,Good,0.746512,0.253488,outputs/checkpoints/best_vgg16_lr0.0001.pth,0.0001,sgxudag7,4,0.8307692307692308
p0_img29,data/raw/p0_img29.png,VGG16,vgg16,Good,0.901295,0.098705,outputs/checkpoints/best_vgg16_lr0.0001.pth,0.0001,sgxudag7,4,0.8307692307692308
p0_img3,data/raw/p0_img3.png,VGG16,vgg16,Good,0.905087,0.094913,outputs/checkpoints/best_vgg16_lr0.0001.pth,0.0001,sgxudag7,4,0.8307692307692308
p0_img4,data/raw/p0_img4.png,VGG16,vgg16,Good,0.794505,0.205495,outputs/checkpoints/best_vgg16_lr0.0001.pth,0.0001,sgxudag7,4,0.8307692307692308
p0_img5,data/raw/p0_img5.png,VGG16,vgg16,Good,0.884435,0.115565,outputs/checkpoints/best_vgg16_lr0.0001.pth,0.0001,sgxudag7,4,0.8307692307692308
p0_img6,data/raw/p0_img6.png,VGG16,vgg16,Good,0.878296,0.121704,outputs/checkpoints/best_vgg16_lr0.0001.pth,0.0001,sgxudag7,4,0.8307692307692308
p0_img7,data/raw/p0_img7.png,VGG16,vgg16,Good,0.905525,0.094475,outputs/checkpoints/best_vgg16_lr0.0001.pth,0.0001,sgxudag7,4,0.8307692307692308
p0_img8,data/raw/p0_img8.png,VGG16,vgg16,Good,0.888532,0.111468,outputs/checkpoints/best_vgg16_lr0.0001.pth,0.0001,sgxudag7,4,0.8307692307692308
p0_img9,data/raw/p0_img9.png,VGG16,vgg16,Good,0.891184,0.108816,outputs/checkpoints/best_vgg16_lr0.0001.pth,0.0001,sgxudag7,4,0.8307692307692308
p0_seed0,data/raw/p0_seed0.jpg,VGG16,vgg16,Good,0.549221,0.450779,outputs/checkpoints/best_vgg16_lr0.0001.pth,0.0001,sgxudag7,4,0.8307692307692308
p0_seed1,data/raw/p0_seed1.jpg,VGG16,vgg16,Good,0.541501,0.458499,outputs/checkpoints/best_vgg16_lr0.0001.pth,0.0001,sgxudag7,4,0.8307692307692308
p0_seed10,data/raw/p0_seed10.jpg,VGG16,vgg16,Bad,0.449161,0.550839,outputs/checkpoints/best_vgg16_lr0.0001.pth,0.0001,sgxudag7,4,0.8307692307692308
p0_seed11,data/raw/p0_seed11.jpg,VGG16,vgg16,Good,0.663586,0.336414,outputs/checkpoints/best_vgg16_lr0.0001.pth,0.0001,sgxudag7,4,0.8307692307692308
p0_seed12,data/raw/p0_seed12.jpg,VGG16,vgg16,Bad,0.467908,0.532092,outputs/checkpoints/best_vgg16_lr0.0001.pth,0.0001,sgxudag7,4,0.8307692307692308
p0_seed13,data/raw/p0_seed13.jpg,VGG16,vgg16,Good,0.673574,0.326426,outputs/checkpoints/best_vgg16_lr0.0001.pth,0.0001,sgxudag7,4,0.8307692307692308
p0_seed14,data/raw/p0_seed14.jpg,VGG16,vgg16,Good,0.506441,0.493559,outputs/checkpoints/best_vgg16_lr0.0001.pth,0.0001,sgxudag7,4,0.8307692307692308
p0_seed15,data/raw/p0_seed15.jpg,VGG16,vgg16,Bad,0.470318,0.529682,outputs/checkpoints/best_vgg16_lr0.0001.pth,0.0001,sgxudag7,4,0.8307692307692308
p0_seed16,data/raw/p0_seed16.jpg,VGG16,vgg16,Good,0.699712,0.300288,outputs/checkpoints/best_vgg16_lr0.0001.pth,0.0001,sgxudag7,4,0.8307692307692308
p0_seed17,data/raw/p0_seed17.jpg,VGG16,vgg16,Bad,0.39327,0.60673,outputs/checkpoints/best_vgg16_lr0.0001.pth,0.0001,sgxudag7,4,0.8307692307692308
p0_seed18,data/raw/p0_seed18.jpg,VGG16,vgg16,Good,0.650676,0.349324,outputs/checkpoints/best_vgg16_lr0.0001.pth,0.0001,sgxudag7,4,0.8307692307692308
p0_seed19,data/raw/p0_seed19.jpg,VGG16,vgg16,Good,0.622064,0.377936,outputs/checkpoints/best_vgg16_lr0.0001.pth,0.0001,sgxudag7,4,0.8307692307692308
p0_seed2,data/raw/p0_seed2.jpg,VGG16,vgg16,Bad,0.489667,0.510333,outputs/checkpoints/best_vgg16_lr0.0001.pth,0.0001,sgxudag7,4,0.8307692307692308
p0_seed20,data/raw/p0_seed20.jpg,VGG16,vgg16,Good,0.554117,0.445883,outputs/checkpoints/best_vgg16_lr0.0001.pth,0.0001,sgxudag7,4,0.8307692307692308
p0_seed21,data/raw/p0_seed21.jpg,VGG16,vgg16,Bad,0.294975,0.705025,outputs/checkpoints/best_vgg16_lr0.0001.pth,0.0001,sgxudag7,4,0.8307692307692308
p0_seed22,data/raw/p0_seed22.jpg,VGG16,vgg16,Good,0.850771,0.149229,outputs/checkpoints/best_vgg16_lr0.0001.pth,0.0001,sgxudag7,4,0.8307692307692308
p0_seed23,data/raw/p0_seed23.jpg,VGG16,vgg16,Bad,0.362715,0.637285,outputs/checkpoints/best_vgg16_lr0.0001.pth,0.0001,sgxudag7,4,0.8307692307692308
p0_seed24,data/raw/p0_seed24.jpg,VGG16,vgg16,Good,0.613504,0.386496,outputs/checkpoints/best_vgg16_lr0.0001.pth,0.0001,sgxudag7,4,0.8307692307692308
p0_seed25,data/raw/p0_seed25.jpg,VGG16,vgg16,Good,0.723862,0.276138,outputs/checkpoints/best_vgg16_lr0.0001.pth,0.0001,sgxudag7,4,0.8307692307692308
p0_seed26,data/raw/p0_seed26.jpg,VGG16,vgg16,Good,0.552421,0.447579,outputs/checkpoints/best_vgg16_lr0.0001.pth,0.0001,sgxudag7,4,0.8307692307692308
p0_seed27,data/raw/p0_seed27.jpg,VGG16,vgg16,Bad,0.27326,0.72674,outputs/checkpoints/best_vgg16_lr0.0001.pth,0.0001,sgxudag7,4,0.8307692307692308
p0_seed28,data/raw/p0_seed28.jpg,VGG16,vgg16,Good,0.655185,0.344815,outputs/checkpoints/best_vgg16_lr0.0001.pth,0.0001,sgxudag7,4,0.8307692307692308
p0_seed29,data/raw/p0_seed29.jpg,VGG16,vgg16,Good,0.628943,0.371057,outputs/checkpoints/best_vgg16_lr0.0001.pth,0.0001,sgxudag7,4,0.8307692307692308
p0_seed3,data/raw/p0_seed3.jpg,VGG16,vgg16,Bad,0.33266,0.66734,outputs/checkpoints/best_vgg16_lr0.0001.pth,0.0001,sgxudag7,4,0.8307692307692308
p0_seed4,data/raw/p0_seed4.jpg,VGG16,vgg16,Good,0.649871,0.350129,outputs/checkpoints/best_vgg16_lr0.0001.pth,0.0001,sgxudag7,4,0.8307692307692308
p0_seed5,data/raw/p0_seed5.jpg,VGG16,vgg16,Good,0.618902,0.381098,outputs/checkpoints/best_vgg16_lr0.0001.pth,0.0001,sgxudag7,4,0.8307692307692308
p0_seed6,data/raw/p0_seed6.jpg,VGG16,vgg16,Bad,0.37563,0.62437,outputs/checkpoints/best_vgg16_lr0.0001.pth,0.0001,sgxudag7,4,0.8307692307692308
p0_seed7,data/raw/p0_seed7.jpg,VGG16,vgg16,Good,0.555594,0.444406,outputs/checkpoints/best_vgg16_lr0.0001.pth,0.0001,sgxudag7,4,0.8307692307692308
p0_seed8,data/raw/p0_seed8.jpg,VGG16,vgg16,Bad,0.484822,0.515178,outputs/checkpoints/best_vgg16_lr0.0001.pth,0.0001,sgxudag7,4,0.8307692307692308
p0_seed9,data/raw/p0_seed9.jpg,VGG16,vgg16,Good,0.761986,0.238014,outputs/checkpoints/best_vgg16_lr0.0001.pth,0.0001,sgxudag7,4,0.8307692307692308
p1_img0,data/raw/p1_img0.png,VGG16,vgg16,Good,0.539535,0.460465,outputs/checkpoints/best_vgg16_lr0.0001.pth,0.0001,sgxudag7,4,0.8307692307692308
p1_img1,data/raw/p1_img1.png,VGG16,vgg16,Bad,0.400907,0.599093,outputs/checkpoints/best_vgg16_lr0.0001.pth,0.0001,sgxudag7,4,0.8307692307692308
p1_img10,data/raw/p1_img10.png,VGG16,vgg16,Good,0.654478,0.345522,outputs/checkpoints/best_vgg16_lr0.0001.pth,0.0001,sgxudag7,4,0.8307692307692308
p1_img11,data/raw/p1_img11.png,VGG16,vgg16,Good,0.734677,0.265323,outputs/checkpoints/best_vgg16_lr0.0001.pth,0.0001,sgxudag7,4,0.8307692307692308
p1_img12,data/raw/p1_img12.png,VGG16,vgg16,Good,0.800344,0.199656,outputs/checkpoints/best_vgg16_lr0.0001.pth,0.0001,sgxudag7,4,0.8307692307692308
p1_img13,data/raw/p1_img13.png,VGG16,vgg16,Good,0.667884,0.332116,outputs/checkpoints/best_vgg16_lr0.0001.pth,0.0001,sgxudag7,4,0.8307692307692308
p1_img14,data/raw/p1_img14.png,VGG16,vgg16,Good,0.657367,0.342633,outputs/checkpoints/best_vgg16_lr0.0001.pth,0.0001,sgxudag7,4,0.8307692307692308
p1_img15,data/raw/p1_img15.png,VGG16,vgg16,Good,0.543109,0.456891,outputs/checkpoints/best_vgg16_lr0.0001.pth,0.0001,sgxudag7,4,0.8307692307692308
p1_img16,data/raw/p1_img16.png,VGG16,vgg16,Good,0.784563,0.215437,outputs/checkpoints/best_vgg16_lr0.0001.pth,0.0001,sgxudag7,4,0.8307692307692308
p1_img17,data/raw/p1_img17.png,VGG16,vgg16,Good,0.753325,0.246675,outputs/checkpoints/best_vgg16_lr0.0001.pth,0.0001,sgxudag7,4,0.8307692307692308
p1_img18,data/raw/p1_img18.png,VGG16,vgg16,Good,0.556572,0.443428,outputs/checkpoints/best_vgg16_lr0.0001.pth,0.0001,sgxudag7,4,0.8307692307692308
p1_img19,data/raw/p1_img19.png,VGG16,vgg16,Good,0.625118,0.374882,outputs/checkpoints/best_vgg16_lr0.0001.pth,0.0001,sgxudag7,4,0.8307692307692308
p1_img2,data/raw/p1_img2.png,VGG16,vgg16,Good,0.530431,0.469569,outputs/checkpoints/best_vgg16_lr0.0001.pth,0.0001,sgxudag7,4,0.8307692307692308
p1_img20,data/raw/p1_img20.png,VGG16,vgg16,Good,0.706582,0.293417,outputs/checkpoints/best_vgg16_lr0.0001.pth,0.0001,sgxudag7,4,0.8307692307692308
p1_img21,data/raw/p1_img21.png,VGG16,vgg16,Good,0.654177,0.345823,outputs/checkpoints/best_vgg16_lr0.0001.pth,0.0001,sgxudag7,4,0.8307692307692308
p1_img22,data/raw/p1_img22.png,VGG16,vgg16,Good,0.654347,0.345653,outputs/checkpoints/best_vgg16_lr0.0001.pth,0.0001,sgxudag7,4,0.8307692307692308
p1_img23,data/raw/p1_img23.png,VGG16,vgg16,Good,0.543917,0.456083,outputs/checkpoints/best_vgg16_lr0.0001.pth,0.0001,sgxudag7,4,0.8307692307692308
p1_img24,data/raw/p1_img24.png,VGG16,vgg16,Good,0.588403,0.411597,outputs/checkpoints/best_vgg16_lr0.0001.pth,0.0001,sgxudag7,4,0.8307692307692308
p1_img25,data/raw/p1_img25.png,VGG16,vgg16,Good,0.644291,0.35571,outputs/checkpoints/best_vgg16_lr0.0001.pth,0.0001,sgxudag7,4,0.8307692307692308
p1_img26,data/raw/p1_img26.png,VGG16,vgg16,Good,0.674703,0.325297,outputs/checkpoints/best_vgg16_lr0.0001.pth,0.0001,sgxudag7,4,0.8307692307692308
p1_img27,data/raw/p1_img27.png,VGG16,vgg16,Bad,0.410932,0.589068,outputs/checkpoints/best_vgg16_lr0.0001.pth,0.0001,sgxudag7,4,0.8307692307692308
p1_img28,data/raw/p1_img28.png,VGG16,vgg16,Good,0.644501,0.355499,outputs/checkpoints/best_vgg16_lr0.0001.pth,0.0001,sgxudag7,4,0.8307692307692308
p1_img29,data/raw/p1_img29.png,VGG16,vgg16,Good,0.546886,0.453114,outputs/checkpoints/best_vgg16_lr0.0001.pth,0.0001,sgxudag7,4,0.8307692307692308
p1_img3,data/raw/p1_img3.png,VGG16,vgg16,Good,0.667134,0.332866,outputs/checkpoints/best_vgg16_lr0.0001.pth,0.0001,sgxudag7,4,0.8307692307692308
p1_img4,data/raw/p1_img4.png,VGG16,vgg16,Good,0.543943,0.456057,outputs/checkpoints/best_vgg16_lr0.0001.pth,0.0001,sgxudag7,4,0.8307692307692308
p1_img5,data/raw/p1_img5.png,VGG16,vgg16,Good,0.569137,0.430863,outputs/checkpoints/best_vgg16_lr0.0001.pth,0.0001,sgxudag7,4,0.8307692307692308
p1_img6,data/raw/p1_img6.png,VGG16,vgg16,Bad,0.48477,0.51523,outputs/checkpoints/best_vgg16_lr0.0001.pth,0.0001,sgxudag7,4,0.8307692307692308
p1_img7,data/raw/p1_img7.png,VGG16,vgg16,Good,0.715941,0.284059,outputs/checkpoints/best_vgg16_lr0.0001.pth,0.0001,sgxudag7,4,0.8307692307692308
p1_img8,data/raw/p1_img8.png,VGG16,vgg16,Good,0.636386,0.363614,outputs/checkpoints/best_vgg16_lr0.0001.pth,0.0001,sgxudag7,4,0.8307692307692308
p1_img9,data/raw/p1_img9.png,VGG16,vgg16,Good,0.76922,0.23078,outputs/checkpoints/best_vgg16_lr0.0001.pth,0.0001,sgxudag7,4,0.8307692307692308
p1_seed0,data/raw/p1_seed0.jpg,VGG16,vgg16,Good,0.530877,0.469123,outputs/checkpoints/best_vgg16_lr0.0001.pth,0.0001,sgxudag7,4,0.8307692307692308
p1_seed1,data/raw/p1_seed1.jpg,VGG16,vgg16,Good,0.690357,0.309643,outputs/checkpoints/best_vgg16_lr0.0001.pth,0.0001,sgxudag7,4,0.8307692307692308
p1_seed10,data/raw/p1_seed10.jpg,VGG16,vgg16,Good,0.547432,0.452568,outputs/checkpoints/best_vgg16_lr0.0001.pth,0.0001,sgxudag7,4,0.8307692307692308
p1_seed11,data/raw/p1_seed11.jpg,VGG16,vgg16,Bad,0.393514,0.606486,outputs/checkpoints/best_vgg16_lr0.0001.pth,0.0001,sgxudag7,4,0.8307692307692308
p1_seed12,data/raw/p1_seed12.jpg,VGG16,vgg16,Bad,0.325292,0.674708,outputs/checkpoints/best_vgg16_lr0.0001.pth,0.0001,sgxudag7,4,0.8307692307692308
p1_seed13,data/raw/p1_seed13.jpg,VGG16,vgg16,Good,0.548305,0.451695,outputs/checkpoints/best_vgg16_lr0.0001.pth,0.0001,sgxudag7,4,0.8307692307692308
p1_seed14,data/raw/p1_seed14.jpg,VGG16,vgg16,Bad,0.361526,0.638474,outputs/checkpoints/best_vgg16_lr0.0001.pth,0.0001,sgxudag7,4,0.8307692307692308
p1_seed15,data/raw/p1_seed15.jpg,VGG16,vgg16,Bad,0.34088,0.65912,outputs/checkpoints/best_vgg16_lr0.0001.pth,0.0001,sgxudag7,4,0.8307692307692308
p1_seed16,data/raw/p1_seed16.jpg,VGG16,vgg16,Bad,0.453225,0.546775,outputs/checkpoints/best_vgg16_lr0.0001.pth,0.0001,sgxudag7,4,0.8307692307692308
p1_seed17,data/raw/p1_seed17.jpg,VGG16,vgg16,Bad,0.41787,0.58213,outputs/checkpoints/best_vgg16_lr0.0001.pth,0.0001,sgxudag7,4,0.8307692307692308
p1_seed18,data/raw/p1_seed18.jpg,VGG16,vgg16,Good,0.57815,0.42185,outputs/checkpoints/best_vgg16_lr0.0001.pth,0.0001,sgxudag7,4,0.8307692307692308
p1_seed19,data/raw/p1_seed19.jpg,VGG16,vgg16,Bad,0.48766,0.51234,outputs/checkpoints/best_vgg16_lr0.0001.pth,0.0001,sgxudag7,4,0.8307692307692308
p1_seed2,data/raw/p1_seed2.jpg,VGG16,vgg16,Good,0.606743,0.393257,outputs/checkpoints/best_vgg16_lr0.0001.pth,0.0001,sgxudag7,4,0.8307692307692308
p1_seed20,data/raw/p1_seed20.jpg,VGG16,vgg16,Good,0.597957,0.402043,outputs/checkpoints/best_vgg16_lr0.0001.pth,0.0001,sgxudag7,4,0.8307692307692308
p1_seed21,data/raw/p1_seed21.jpg,VGG16,vgg16,Bad,0.410146,0.589854,outputs/checkpoints/best_vgg16_lr0.0001.pth,0.0001,sgxudag7,4,0.8307692307692308
p1_seed22,data/raw/p1_seed22.jpg,VGG16,vgg16,Bad,0.410852,0.589148,outputs/checkpoints/best_vgg16_lr0.0001.pth,0.0001,sgxudag7,4,0.8307692307692308
p1_seed23,data/raw/p1_seed23.jpg,VGG16,vgg16,Bad,0.412953,0.587047,outputs/checkpoints/best_vgg16_lr0.0001.pth,0.0001,sgxudag7,4,0.8307692307692308
p1_seed24,data/raw/p1_seed24.jpg,VGG16,vgg16,Bad,0.464862,0.535138,outputs/checkpoints/best_vgg16_lr0.0001.pth,0.0001,sgxudag7,4,0.8307692307692308
p1_seed25,data/raw/p1_seed25.jpg,VGG16,vgg16,Good,0.521182,0.478818,outputs/checkpoints/best_vgg16_lr0.0001.pth,0.0001,sgxudag7,4,0.8307692307692308
p1_seed26,data/raw/p1_seed26.jpg,VGG16,vgg16,Bad,0.37231,0.62769,outputs/checkpoints/best_vgg16_lr0.0001.pth,0.0001,sgxudag7,4,0.8307692307692308
p1_seed27,data/raw/p1_seed27.jpg,VGG16,vgg16,Bad,0.493284,0.506716,outputs/checkpoints/best_vgg16_lr0.0001.pth,0.0001,sgxudag7,4,0.8307692307692308
p1_seed28,data/raw/p1_seed28.jpg,VGG16,vgg16,Good,0.859505,0.140495,outputs/checkpoints/best_vgg16_lr0.0001.pth,0.0001,sgxudag7,4,0.8307692307692308
p1_seed29,data/raw/p1_seed29.jpg,VGG16,vgg16,Good,0.512439,0.487561,outputs/checkpoints/best_vgg16_lr0.0001.pth,0.0001,sgxudag7,4,0.8307692307692308
p1_seed3,data/raw/p1_seed3.jpg,VGG16,vgg16,Good,0.500049,0.499951,outputs/checkpoints/best_vgg16_lr0.0001.pth,0.0001,sgxudag7,4,0.8307692307692308
p1_seed4,data/raw/p1_seed4.jpg,VGG16,vgg16,Bad,0.452066,0.547934,outputs/checkpoints/best_vgg16_lr0.0001.pth,0.0001,sgxudag7,4,0.8307692307692308
p1_seed5,data/raw/p1_seed5.jpg,VGG16,vgg16,Good,0.533002,0.466998,outputs/checkpoints/best_vgg16_lr0.0001.pth,0.0001,sgxudag7,4,0.8307692307692308
p1_seed6,data/raw/p1_seed6.jpg,VGG16,vgg16,Bad,0.482973,0.517027,outputs/checkpoints/best_vgg16_lr0.0001.pth,0.0001,sgxudag7,4,0.8307692307692308
p1_seed7,data/raw/p1_seed7.jpg,VGG16,vgg16,Bad,0.494791,0.505209,outputs/checkpoints/best_vgg16_lr0.0001.pth,0.0001,sgxudag7,4,0.8307692307692308
p1_seed8,data/raw/p1_seed8.jpg,VGG16,vgg16,Bad,0.359441,0.640559,outputs/checkpoints/best_vgg16_lr0.0001.pth,0.0001,sgxudag7,4,0.8307692307692308
p1_seed9,data/raw/p1_seed9.jpg,VGG16,vgg16,Good,0.738468,0.261532,outputs/checkpoints/best_vgg16_lr0.0001.pth,0.0001,sgxudag7,4,0.8307692307692308
p2_img0,data/raw/p2_img0.png,VGG16,vgg16,Bad,0.366819,0.633181,outputs/checkpoints/best_vgg16_lr0.0001.pth,0.0001,sgxudag7,4,0.8307692307692308
p2_img1,data/raw/p2_img1.png,VGG16,vgg16,Good,0.578186,0.421814,outputs/checkpoints/best_vgg16_lr0.0001.pth,0.0001,sgxudag7,4,0.8307692307692308
p2_img10,data/raw/p2_img10.png,VGG16,vgg16,Good,0.70488,0.29512,outputs/checkpoints/best_vgg16_lr0.0001.pth,0.0001,sgxudag7,4,0.8307692307692308
p2_img11,data/raw/p2_img11.png,VGG16,vgg16,Good,0.817288,0.182712,outputs/checkpoints/best_vgg16_lr0.0001.pth,0.0001,sgxudag7,4,0.8307692307692308
p2_img12,data/raw/p2_img12.png,VGG16,vgg16,Good,0.709118,0.290882,outputs/checkpoints/best_vgg16_lr0.0001.pth,0.0001,sgxudag7,4,0.8307692307692308
p2_img13,data/raw/p2_img13.png,VGG16,vgg16,Good,0.939933,0.060067,outputs/checkpoints/best_vgg16_lr0.0001.pth,0.0001,sgxudag7,4,0.8307692307692308
p2_img14,data/raw/p2_img14.png,VGG16,vgg16,Good,0.538166,0.461834,outputs/checkpoints/best_vgg16_lr0.0001.pth,0.0001,sgxudag7,4,0.8307692307692308
p2_img15,data/raw/p2_img15.png,VGG16,vgg16,Good,0.597386,0.402614,outputs/checkpoints/best_vgg16_lr0.0001.pth,0.0001,sgxudag7,4,0.8307692307692308
p2_img16,data/raw/p2_img16.png,VGG16,vgg16,Good,0.861471,0.138529,outputs/checkpoints/best_vgg16_lr0.0001.pth,0.0001,sgxudag7,4,0.8307692307692308
p2_img17,data/raw/p2_img17.png,VGG16,vgg16,Good,0.912153,0.087847,outputs/checkpoints/best_vgg16_lr0.0001.pth,0.0001,sgxudag7,4,0.8307692307692308
p2_img18,data/raw/p2_img18.png,VGG16,vgg16,Good,0.652922,0.347078,outputs/checkpoints/best_vgg16_lr0.0001.pth,0.0001,sgxudag7,4,0.8307692307692308
p2_img19,data/raw/p2_img19.png,VGG16,vgg16,Good,0.910804,0.089196,outputs/checkpoints/best_vgg16_lr0.0001.pth,0.0001,sgxudag7,4,0.8307692307692308
p2_img2,data/raw/p2_img2.png,VGG16,vgg16,Good,0.800096,0.199904,outputs/checkpoints/best_vgg16_lr0.0001.pth,0.0001,sgxudag7,4,0.8307692307692308
p2_img20,data/raw/p2_img20.png,VGG16,vgg16,Good,0.753167,0.246833,outputs/checkpoints/best_vgg16_lr0.0001.pth,0.0001,sgxudag7,4,0.8307692307692308
p2_img21,data/raw/p2_img21.png,VGG16,vgg16,Good,0.913723,0.086277,outputs/checkpoints/best_vgg16_lr0.0001.pth,0.0001,sgxudag7,4,0.8307692307692308
p2_img22,data/raw/p2_img22.png,VGG16,vgg16,Good,0.826961,0.173039,outputs/checkpoints/best_vgg16_lr0.0001.pth,0.0001,sgxudag7,4,0.8307692307692308
p2_img23,data/raw/p2_img23.png,VGG16,vgg16,Good,0.838352,0.161648,outputs/checkpoints/best_vgg16_lr0.0001.pth,0.0001,sgxudag7,4,0.8307692307692308
p2_img24,data/raw/p2_img24.png,VGG16,vgg16,Good,0.905961,0.094038,outputs/checkpoints/best_vgg16_lr0.0001.pth,0.0001,sgxudag7,4,0.8307692307692308
p2_img25,data/raw/p2_img25.png,VGG16,vgg16,Good,0.925066,0.074934,outputs/checkpoints/best_vgg16_lr0.0001.pth,0.0001,sgxudag7,4,0.8307692307692308
p2_img26,data/raw/p2_img26.png,VGG16,vgg16,Good,0.793839,0.206161,outputs/checkpoints/best_vgg16_lr0.0001.pth,0.0001,sgxudag7,4,0.8307692307692308
p2_img27,data/raw/p2_img27.png,VGG16,vgg16,Good,0.717717,0.282283,outputs/checkpoints/best_vgg16_lr0.0001.pth,0.0001,sgxudag7,4,0.8307692307692308
p2_img28,data/raw/p2_img28.png,VGG16,vgg16,Bad,0.495777,0.504223,outputs/checkpoints/best_vgg16_lr0.0001.pth,0.0001,sgxudag7,4,0.8307692307692308
p2_img29,data/raw/p2_img29.png,VGG16,vgg16,Good,0.698847,0.301153,outputs/checkpoints/best_vgg16_lr0.0001.pth,0.0001,sgxudag7,4,0.8307692307692308
p2_img3,data/raw/p2_img3.png,VGG16,vgg16,Good,0.773632,0.226368,outputs/checkpoints/best_vgg16_lr0.0001.pth,0.0001,sgxudag7,4,0.8307692307692308
p2_img4,data/raw/p2_img4.png,VGG16,vgg16,Good,0.518037,0.481963,outputs/checkpoints/best_vgg16_lr0.0001.pth,0.0001,sgxudag7,4,0.8307692307692308
p2_img5,data/raw/p2_img5.png,VGG16,vgg16,Good,0.841069,0.158931,outputs/checkpoints/best_vgg16_lr0.0001.pth,0.0001,sgxudag7,4,0.8307692307692308
p2_img6,data/raw/p2_img6.png,VGG16,vgg16,Good,0.711329,0.288671,outputs/checkpoints/best_vgg16_lr0.0001.pth,0.0001,sgxudag7,4,0.8307692307692308
p2_img7,data/raw/p2_img7.png,VGG16,vgg16,Good,0.872672,0.127328,outputs/checkpoints/best_vgg16_lr0.0001.pth,0.0001,sgxudag7,4,0.8307692307692308
p2_img8,data/raw/p2_img8.png,VGG16,vgg16,Good,0.836506,0.163494,outputs/checkpoints/best_vgg16_lr0.0001.pth,0.0001,sgxudag7,4,0.8307692307692308
p2_img9,data/raw/p2_img9.png,VGG16,vgg16,Good,0.78465,0.21535,outputs/checkpoints/best_vgg16_lr0.0001.pth,0.0001,sgxudag7,4,0.8307692307692308
p2_seed0,data/raw/p2_seed0.jpg,VGG16,vgg16,Good,0.686403,0.313597,outputs/checkpoints/best_vgg16_lr0.0001.pth,0.0001,sgxudag7,4,0.8307692307692308
p2_seed1,data/raw/p2_seed1.jpg,VGG16,vgg16,Good,0.650513,0.349487,outputs/checkpoints/best_vgg16_lr0.0001.pth,0.0001,sgxudag7,4,0.8307692307692308
p2_seed10,data/raw/p2_seed10.jpg,VGG16,vgg16,Good,0.536756,0.463244,outputs/checkpoints/best_vgg16_lr0.0001.pth,0.0001,sgxudag7,4,0.8307692307692308
p2_seed11,data/raw/p2_seed11.jpg,VGG16,vgg16,Good,0.675957,0.324043,outputs/checkpoints/best_vgg16_lr0.0001.pth,0.0001,sgxudag7,4,0.8307692307692308
p2_seed12,data/raw/p2_seed12.jpg,VGG16,vgg16,Good,0.557101,0.442899,outputs/checkpoints/best_vgg16_lr0.0001.pth,0.0001,sgxudag7,4,0.8307692307692308
p2_seed13,data/raw/p2_seed13.jpg,VGG16,vgg16,Good,0.545271,0.454729,outputs/checkpoints/best_vgg16_lr0.0001.pth,0.0001,sgxudag7,4,0.8307692307692308
p2_seed14,data/raw/p2_seed14.jpg,VGG16,vgg16,Bad,0.416743,0.583257,outputs/checkpoints/best_vgg16_lr0.0001.pth,0.0001,sgxudag7,4,0.8307692307692308
p2_seed15,data/raw/p2_seed15.jpg,VGG16,vgg16,Good,0.550069,0.449931,outputs/checkpoints/best_vgg16_lr0.0001.pth,0.0001,sgxudag7,4,0.8307692307692308
p2_seed16,data/raw/p2_seed16.jpg,VGG16,vgg16,Good,0.677926,0.322074,outputs/checkpoints/best_vgg16_lr0.0001.pth,0.0001,sgxudag7,4,0.8307692307692308
p2_seed17,data/raw/p2_seed17.jpg,VGG16,vgg16,Bad,0.461456,0.538544,outputs/checkpoints/best_vgg16_lr0.0001.pth,0.0001,sgxudag7,4,0.8307692307692308
p2_seed18,data/raw/p2_seed18.jpg,VGG16,vgg16,Bad,0.44525,0.55475,outputs/checkpoints/best_vgg16_lr0.0001.pth,0.0001,sgxudag7,4,0.8307692307692308
p2_seed19,data/raw/p2_seed19.jpg,VGG16,vgg16,Good,0.508585,0.491415,outputs/checkpoints/best_vgg16_lr0.0001.pth,0.0001,sgxudag7,4,0.8307692307692308
p2_seed2,data/raw/p2_seed2.jpg,VGG16,vgg16,Good,0.649874,0.350126,outputs/checkpoints/best_vgg16_lr0.0001.pth,0.0001,sgxudag7,4,0.8307692307692308
p2_seed20,data/raw/p2_seed20.jpg,VGG16,vgg16,Good,0.715463,0.284537,outputs/checkpoints/best_vgg16_lr0.0001.pth,0.0001,sgxudag7,4,0.8307692307692308
p2_seed21,data/raw/p2_seed21.jpg,VGG16,vgg16,Bad,0.479547,0.520453,outputs/checkpoints/best_vgg16_lr0.0001.pth,0.0001,sgxudag7,4,0.8307692307692308
p2_seed22,data/raw/p2_seed22.jpg,VGG16,vgg16,Good,0.634001,0.365999,outputs/checkpoints/best_vgg16_lr0.0001.pth,0.0001,sgxudag7,4,0.8307692307692308
p2_seed23,data/raw/p2_seed23.jpg,VGG16,vgg16,Good,0.726353,0.273647,outputs/checkpoints/best_vgg16_lr0.0001.pth,0.0001,sgxudag7,4,0.8307692307692308
p2_seed24,data/raw/p2_seed24.jpg,VGG16,vgg16,Good,0.556243,0.443757,outputs/checkpoints/best_vgg16_lr0.0001.pth,0.0001,sgxudag7,4,0.8307692307692308
p2_seed25,data/raw/p2_seed25.jpg,VGG16,vgg16,Good,0.615198,0.384802,outputs/checkpoints/best_vgg16_lr0.0001.pth,0.0001,sgxudag7,4,0.8307692307692308
p2_seed26,data/raw/p2_seed26.jpg,VGG16,vgg16,Good,0.53459,0.46541,outputs/checkpoints/best_vgg16_lr0.0001.pth,0.0001,sgxudag7,4,0.8307692307692308
p2_seed27,data/raw/p2_seed27.jpg,VGG16,vgg16,Good,0.541869,0.458131,outputs/checkpoints/best_vgg16_lr0.0001.pth,0.0001,sgxudag7,4,0.8307692307692308
p2_seed28,data/raw/p2_seed28.jpg,VGG16,vgg16,Good,0.73983,0.26017,outputs/checkpoints/best_vgg16_lr0.0001.pth,0.0001,sgxudag7,4,0.8307692307692308
p2_seed29,data/raw/p2_seed29.jpg,VGG16,vgg16,Good,0.579279,0.420721,outputs/checkpoints/best_vgg16_lr0.0001.pth,0.0001,sgxudag7,4,0.8307692307692308
p2_seed3,data/raw/p2_seed3.jpg,VGG16,vgg16,Good,0.519133,0.480867,outputs/checkpoints/best_vgg16_lr0.0001.pth,0.0001,sgxudag7,4,0.8307692307692308
p2_seed4,data/raw/p2_seed4.jpg,VGG16,vgg16,Good,0.677381,0.322619,outputs/checkpoints/best_vgg16_lr0.0001.pth,0.0001,sgxudag7,4,0.8307692307692308
p2_seed5,data/raw/p2_seed5.jpg,VGG16,vgg16,Good,0.606235,0.393765,outputs/checkpoints/best_vgg16_lr0.0001.pth,0.0001,sgxudag7,4,0.8307692307692308
p2_seed6,data/raw/p2_seed6.jpg,VGG16,vgg16,Good,0.627535,0.372465,outputs/checkpoints/best_vgg16_lr0.0001.pth,0.0001,sgxudag7,4,0.8307692307692308
p2_seed7,data/raw/p2_seed7.jpg,VGG16,vgg16,Good,0.573107,0.426893,outputs/checkpoints/best_vgg16_lr0.0001.pth,0.0001,sgxudag7,4,0.8307692307692308
p2_seed8,data/raw/p2_seed8.jpg,VGG16,vgg16,Good,0.622844,0.377156,outputs/checkpoints/best_vgg16_lr0.0001.pth,0.0001,sgxudag7,4,0.8307692307692308
p2_seed9,data/raw/p2_seed9.jpg,VGG16,vgg16,Good,0.651927,0.348073,outputs/checkpoints/best_vgg16_lr0.0001.pth,0.0001,sgxudag7,4,0.8307692307692308
p3_img0,data/raw/p3_img0.png,VGG16,vgg16,Good,0.584307,0.415693,outputs/checkpoints/best_vgg16_lr0.0001.pth,0.0001,sgxudag7,4,0.8307692307692308
p3_img1,data/raw/p3_img1.png,VGG16,vgg16,Bad,0.430733,0.569267,outputs/checkpoints/best_vgg16_lr0.0001.pth,0.0001,sgxudag7,4,0.8307692307692308
p3_img10,data/raw/p3_img10.png,VGG16,vgg16,Good,0.554707,0.445293,outputs/checkpoints/best_vgg16_lr0.0001.pth,0.0001,sgxudag7,4,0.8307692307692308
p3_img11,data/raw/p3_img11.png,VGG16,vgg16,Good,0.810553,0.189447,outputs/checkpoints/best_vgg16_lr0.0001.pth,0.0001,sgxudag7,4,0.8307692307692308
p3_img12,data/raw/p3_img12.png,VGG16,vgg16,Good,0.765509,0.234491,outputs/checkpoints/best_vgg16_lr0.0001.pth,0.0001,sgxudag7,4,0.8307692307692308
p3_img13,data/raw/p3_img13.png,VGG16,vgg16,Good,0.895286,0.104714,outputs/checkpoints/best_vgg16_lr0.0001.pth,0.0001,sgxudag7,4,0.8307692307692308
p3_img14,data/raw/p3_img14.png,VGG16,vgg16,Good,0.656908,0.343092,outputs/checkpoints/best_vgg16_lr0.0001.pth,0.0001,sgxudag7,4,0.8307692307692308
p3_img15,data/raw/p3_img15.png,VGG16,vgg16,Good,0.730185,0.269815,outputs/checkpoints/best_vgg16_lr0.0001.pth,0.0001,sgxudag7,4,0.8307692307692308
p3_img16,data/raw/p3_img16.png,VGG16,vgg16,Good,0.539719,0.460281,outputs/checkpoints/best_vgg16_lr0.0001.pth,0.0001,sgxudag7,4,0.8307692307692308
p3_img17,data/raw/p3_img17.png,VGG16,vgg16,Good,0.844888,0.155112,outputs/checkpoints/best_vgg16_lr0.0001.pth,0.0001,sgxudag7,4,0.8307692307692308
p3_img18,data/raw/p3_img18.png,VGG16,vgg16,Good,0.538793,0.461207,outputs/checkpoints/best_vgg16_lr0.0001.pth,0.0001,sgxudag7,4,0.8307692307692308
p3_img19,data/raw/p3_img19.png,VGG16,vgg16,Good,0.674224,0.325776,outputs/checkpoints/best_vgg16_lr0.0001.pth,0.0001,sgxudag7,4,0.8307692307692308
p3_img2,data/raw/p3_img2.png,VGG16,vgg16,Good,0.692578,0.307422,outputs/checkpoints/best_vgg16_lr0.0001.pth,0.0001,sgxudag7,4,0.8307692307692308
p3_img20,data/raw/p3_img20.png,VGG16,vgg16,Good,0.666929,0.333071,outputs/checkpoints/best_vgg16_lr0.0001.pth,0.0001,sgxudag7,4,0.8307692307692308
p3_img21,data/raw/p3_img21.png,VGG16,vgg16,Good,0.923988,0.076012,outputs/checkpoints/best_vgg16_lr0.0001.pth,0.0001,sgxudag7,4,0.8307692307692308
p3_img22,data/raw/p3_img22.png,VGG16,vgg16,Good,0.918338,0.081662,outputs/checkpoints/best_vgg16_lr0.0001.pth,0.0001,sgxudag7,4,0.8307692307692308
p3_img23,data/raw/p3_img23.png,VGG16,vgg16,Good,0.864731,0.135269,outputs/checkpoints/best_vgg16_lr0.0001.pth,0.0001,sgxudag7,4,0.8307692307692308
p3_img24,data/raw/p3_img24.png,VGG16,vgg16,Good,0.712885,0.287114,outputs/checkpoints/best_vgg16_lr0.0001.pth,0.0001,sgxudag7,4,0.8307692307692308
p3_img25,data/raw/p3_img25.png,VGG16,vgg16,Good,0.753084,0.246916,outputs/checkpoints/best_vgg16_lr0.0001.pth,0.0001,sgxudag7,4,0.8307692307692308
p3_img26,data/raw/p3_img26.png,VGG16,vgg16,Good,0.819325,0.180675,outputs/checkpoints/best_vgg16_lr0.0001.pth,0.0001,sgxudag7,4,0.8307692307692308
p3_img27,data/raw/p3_img27.png,VGG16,vgg16,Good,0.690914,0.309086,outputs/checkpoints/best_vgg16_lr0.0001.pth,0.0001,sgxudag7,4,0.8307692307692308
p3_img28,data/raw/p3_img28.png,VGG16,vgg16,Good,0.709416,0.290584,outputs/checkpoints/best_vgg16_lr0.0001.pth,0.0001,sgxudag7,4,0.8307692307692308
p3_img29,data/raw/p3_img29.png,VGG16,vgg16,Good,0.694956,0.305044,outputs/checkpoints/best_vgg16_lr0.0001.pth,0.0001,sgxudag7,4,0.8307692307692308
p3_img3,data/raw/p3_img3.png,VGG16,vgg16,Bad,0.492694,0.507306,outputs/checkpoints/best_vgg16_lr0.0001.pth,0.0001,sgxudag7,4,0.8307692307692308
p3_img4,data/raw/p3_img4.png,VGG16,vgg16,Good,0.564049,0.435951,outputs/checkpoints/best_vgg16_lr0.0001.pth,0.0001,sgxudag7,4,0.8307692307692308
p3_img5,data/raw/p3_img5.png,VGG16,vgg16,Good,0.813739,0.186261,outputs/checkpoints/best_vgg16_lr0.0001.pth,0.0001,sgxudag7,4,0.8307692307692308
p3_img6,data/raw/p3_img6.png,VGG16,vgg16,Good,0.663464,0.336536,outputs/checkpoints/best_vgg16_lr0.0001.pth,0.0001,sgxudag7,4,0.8307692307692308
p3_img7,data/raw/p3_img7.png,VGG16,vgg16,Bad,0.47196,0.52804,outputs/checkpoints/best_vgg16_lr0.0001.pth,0.0001,sgxudag7,4,0.8307692307692308
p3_img8,data/raw/p3_img8.png,VGG16,vgg16,Good,0.830906,0.169094,outputs/checkpoints/best_vgg16_lr0.0001.pth,0.0001,sgxudag7,4,0.8307692307692308
p3_img9,data/raw/p3_img9.png,VGG16,vgg16,Good,0.709527,0.290473,outputs/checkpoints/best_vgg16_lr0.0001.pth,0.0001,sgxudag7,4,0.8307692307692308
p3_seed0,data/raw/p3_seed0.jpg,VGG16,vgg16,Bad,0.488287,0.511713,outputs/checkpoints/best_vgg16_lr0.0001.pth,0.0001,sgxudag7,4,0.8307692307692308
p3_seed1,data/raw/p3_seed1.jpg,VGG16,vgg16,Bad,0.430057,0.569942,outputs/checkpoints/best_vgg16_lr0.0001.pth,0.0001,sgxudag7,4,0.8307692307692308
p3_seed10,data/raw/p3_seed10.jpg,VGG16,vgg16,Bad,0.472454,0.527546,outputs/checkpoints/best_vgg16_lr0.0001.pth,0.0001,sgxudag7,4,0.8307692307692308
p3_seed11,data/raw/p3_seed11.jpg,VGG16,vgg16,Good,0.586866,0.413134,outputs/checkpoints/best_vgg16_lr0.0001.pth,0.0001,sgxudag7,4,0.8307692307692308
p3_seed12,data/raw/p3_seed12.jpg,VGG16,vgg16,Bad,0.211015,0.788985,outputs/checkpoints/best_vgg16_lr0.0001.pth,0.0001,sgxudag7,4,0.8307692307692308
p3_seed13,data/raw/p3_seed13.jpg,VGG16,vgg16,Bad,0.498952,0.501048,outputs/checkpoints/best_vgg16_lr0.0001.pth,0.0001,sgxudag7,4,0.8307692307692308
p3_seed14,data/raw/p3_seed14.jpg,VGG16,vgg16,Bad,0.410848,0.589152,outputs/checkpoints/best_vgg16_lr0.0001.pth,0.0001,sgxudag7,4,0.8307692307692308
p3_seed15,data/raw/p3_seed15.jpg,VGG16,vgg16,Bad,0.305202,0.694798,outputs/checkpoints/best_vgg16_lr0.0001.pth,0.0001,sgxudag7,4,0.8307692307692308
p3_seed16,data/raw/p3_seed16.jpg,VGG16,vgg16,Good,0.616419,0.383581,outputs/checkpoints/best_vgg16_lr0.0001.pth,0.0001,sgxudag7,4,0.8307692307692308
p3_seed17,data/raw/p3_seed17.jpg,VGG16,vgg16,Bad,0.442689,0.557311,outputs/checkpoints/best_vgg16_lr0.0001.pth,0.0001,sgxudag7,4,0.8307692307692308
p3_seed18,data/raw/p3_seed18.jpg,VGG16,vgg16,Bad,0.311844,0.688156,outputs/checkpoints/best_vgg16_lr0.0001.pth,0.0001,sgxudag7,4,0.8307692307692308
p3_seed19,data/raw/p3_seed19.jpg,VGG16,vgg16,Bad,0.377674,0.622326,outputs/checkpoints/best_vgg16_lr0.0001.pth,0.0001,sgxudag7,4,0.8307692307692308
p3_seed2,data/raw/p3_seed2.jpg,VGG16,vgg16,Good,0.589351,0.410649,outputs/checkpoints/best_vgg16_lr0.0001.pth,0.0001,sgxudag7,4,0.8307692307692308
p3_seed20,data/raw/p3_seed20.jpg,VGG16,vgg16,Good,0.628893,0.371107,outputs/checkpoints/best_vgg16_lr0.0001.pth,0.0001,sgxudag7,4,0.8307692307692308
p3_seed21,data/raw/p3_seed21.jpg,VGG16,vgg16,Bad,0.268666,0.731334,outputs/checkpoints/best_vgg16_lr0.0001.pth,0.0001,sgxudag7,4,0.8307692307692308
p3_seed22,data/raw/p3_seed22.jpg,VGG16,vgg16,Good,0.531818,0.468182,outputs/checkpoints/best_vgg16_lr0.0001.pth,0.0001,sgxudag7,4,0.8307692307692308
p3_seed23,data/raw/p3_seed23.jpg,VGG16,vgg16,Bad,0.455801,0.544199,outputs/checkpoints/best_vgg16_lr0.0001.pth,0.0001,sgxudag7,4,0.8307692307692308
p3_seed24,data/raw/p3_seed24.jpg,VGG16,vgg16,Good,0.599721,0.400279,outputs/checkpoints/best_vgg16_lr0.0001.pth,0.0001,sgxudag7,4,0.8307692307692308
p3_seed25,data/raw/p3_seed25.jpg,VGG16,vgg16,Bad,0.453645,0.546355,outputs/checkpoints/best_vgg16_lr0.0001.pth,0.0001,sgxudag7,4,0.8307692307692308
p3_seed26,data/raw/p3_seed26.jpg,VGG16,vgg16,Good,0.523566,0.476434,outputs/checkpoints/best_vgg16_lr0.0001.pth,0.0001,sgxudag7,4,0.8307692307692308
p3_seed27,data/raw/p3_seed27.jpg,VGG16,vgg16,Bad,0.296978,0.703022,outputs/checkpoints/best_vgg16_lr0.0001.pth,0.0001,sgxudag7,4,0.8307692307692308
p3_seed28,data/raw/p3_seed28.jpg,VGG16,vgg16,Good,0.713516,0.286484,outputs/checkpoints/best_vgg16_lr0.0001.pth,0.0001,sgxudag7,4,0.8307692307692308
p3_seed29,data/raw/p3_seed29.jpg,VGG16,vgg16,Bad,0.387266,0.612734,outputs/checkpoints/best_vgg16_lr0.0001.pth,0.0001,sgxudag7,4,0.8307692307692308
p3_seed3,data/raw/p3_seed3.jpg,VGG16,vgg16,Bad,0.347251,0.652749,outputs/checkpoints/best_vgg16_lr0.0001.pth,0.0001,sgxudag7,4,0.8307692307692308
p3_seed4,data/raw/p3_seed4.jpg,VGG16,vgg16,Good,0.736446,0.263554,outputs/checkpoints/best_vgg16_lr0.0001.pth,0.0001,sgxudag7,4,0.8307692307692308
p3_seed5,data/raw/p3_seed5.jpg,VGG16,vgg16,Bad,0.493506,0.506495,outputs/checkpoints/best_vgg16_lr0.0001.pth,0.0001,sgxudag7,4,0.8307692307692308
p3_seed6,data/raw/p3_seed6.jpg,VGG16,vgg16,Bad,0.425709,0.574291,outputs/checkpoints/best_vgg16_lr0.0001.pth,0.0001,sgxudag7,4,0.8307692307692308
p3_seed7,data/raw/p3_seed7.jpg,VGG16,vgg16,Bad,0.358884,0.641116,outputs/checkpoints/best_vgg16_lr0.0001.pth,0.0001,sgxudag7,4,0.8307692307692308
p3_seed8,data/raw/p3_seed8.jpg,VGG16,vgg16,Bad,0.468784,0.531216,outputs/checkpoints/best_vgg16_lr0.0001.pth,0.0001,sgxudag7,4,0.8307692307692308
p3_seed9,data/raw/p3_seed9.jpg,VGG16,vgg16,Good,0.597998,0.402002,outputs/checkpoints/best_vgg16_lr0.0001.pth,0.0001,sgxudag7,4,0.8307692307692308
p4_img0,data/raw/p4_img0.png,VGG16,vgg16,Good,0.721988,0.278012,outputs/checkpoints/best_vgg16_lr0.0001.pth,0.0001,sgxudag7,4,0.8307692307692308
p4_img1,data/raw/p4_img1.png,VGG16,vgg16,Good,0.751138,0.248862,outputs/checkpoints/best_vgg16_lr0.0001.pth,0.0001,sgxudag7,4,0.8307692307692308
p4_img10,data/raw/p4_img10.png,VGG16,vgg16,Good,0.926683,0.073317,outputs/checkpoints/best_vgg16_lr0.0001.pth,0.0001,sgxudag7,4,0.8307692307692308
p4_img11,data/raw/p4_img11.png,VGG16,vgg16,Good,0.942615,0.057385,outputs/checkpoints/best_vgg16_lr0.0001.pth,0.0001,sgxudag7,4,0.8307692307692308
p4_img12,data/raw/p4_img12.png,VGG16,vgg16,Good,0.883808,0.116192,outputs/checkpoints/best_vgg16_lr0.0001.pth,0.0001,sgxudag7,4,0.8307692307692308
p4_img13,data/raw/p4_img13.png,VGG16,vgg16,Good,0.840601,0.159399,outputs/checkpoints/best_vgg16_lr0.0001.pth,0.0001,sgxudag7,4,0.8307692307692308
p4_img14,data/raw/p4_img14.png,VGG16,vgg16,Good,0.780221,0.219779,outputs/checkpoints/best_vgg16_lr0.0001.pth,0.0001,sgxudag7,4,0.8307692307692308
p4_img15,data/raw/p4_img15.png,VGG16,vgg16,Good,0.926138,0.073862,outputs/checkpoints/best_vgg16_lr0.0001.pth,0.0001,sgxudag7,4,0.8307692307692308
p4_img16,data/raw/p4_img16.png,VGG16,vgg16,Good,0.931664,0.068336,outputs/checkpoints/best_vgg16_lr0.0001.pth,0.0001,sgxudag7,4,0.8307692307692308
p4_img17,data/raw/p4_img17.png,VGG16,vgg16,Good,0.937368,0.062632,outputs/checkpoints/best_vgg16_lr0.0001.pth,0.0001,sgxudag7,4,0.8307692307692308
p4_img18,data/raw/p4_img18.png,VGG16,vgg16,Good,0.777943,0.222056,outputs/checkpoints/best_vgg16_lr0.0001.pth,0.0001,sgxudag7,4,0.8307692307692308
p4_img19,data/raw/p4_img19.png,VGG16,vgg16,Good,0.866745,0.133255,outputs/checkpoints/best_vgg16_lr0.0001.pth,0.0001,sgxudag7,4,0.8307692307692308
p4_img2,data/raw/p4_img2.png,VGG16,vgg16,Good,0.841231,0.158769,outputs/checkpoints/best_vgg16_lr0.0001.pth,0.0001,sgxudag7,4,0.8307692307692308
p4_img20,data/raw/p4_img20.png,VGG16,vgg16,Good,0.846667,0.153333,outputs/checkpoints/best_vgg16_lr0.0001.pth,0.0001,sgxudag7,4,0.8307692307692308
p4_img21,data/raw/p4_img21.png,VGG16,vgg16,Good,0.977808,0.022192,outputs/checkpoints/best_vgg16_lr0.0001.pth,0.0001,sgxudag7,4,0.8307692307692308
p4_img22,data/raw/p4_img22.png,VGG16,vgg16,Good,0.918504,0.081496,outputs/checkpoints/best_vgg16_lr0.0001.pth,0.0001,sgxudag7,4,0.8307692307692308
p4_img23,data/raw/p4_img23.png,VGG16,vgg16,Good,0.910861,0.089139,outputs/checkpoints/best_vgg16_lr0.0001.pth,0.0001,sgxudag7,4,0.8307692307692308
p4_img24,data/raw/p4_img24.png,VGG16,vgg16,Good,0.873164,0.126836,outputs/checkpoints/best_vgg16_lr0.0001.pth,0.0001,sgxudag7,4,0.8307692307692308
p4_img25,data/raw/p4_img25.png,VGG16,vgg16,Good,0.834142,0.165858,outputs/checkpoints/best_vgg16_lr0.0001.pth,0.0001,sgxudag7,4,0.8307692307692308
p4_img26,data/raw/p4_img26.png,VGG16,vgg16,Good,0.905494,0.094506,outputs/checkpoints/best_vgg16_lr0.0001.pth,0.0001,sgxudag7,4,0.8307692307692308
p4_img27,data/raw/p4_img27.png,VGG16,vgg16,Good,0.902413,0.097587,outputs/checkpoints/best_vgg16_lr0.0001.pth,0.0001,sgxudag7,4,0.8307692307692308
p4_img28,data/raw/p4_img28.png,VGG16,vgg16,Good,0.760678,0.239322,outputs/checkpoints/best_vgg16_lr0.0001.pth,0.0001,sgxudag7,4,0.8307692307692308
p4_img29,data/raw/p4_img29.png,VGG16,vgg16,Good,0.911772,0.088228,outputs/checkpoints/best_vgg16_lr0.0001.pth,0.0001,sgxudag7,4,0.8307692307692308
p4_img3,data/raw/p4_img3.png,VGG16,vgg16,Good,0.864776,0.135224,outputs/checkpoints/best_vgg16_lr0.0001.pth,0.0001,sgxudag7,4,0.8307692307692308
p4_img4,data/raw/p4_img4.png,VGG16,vgg16,Good,0.785971,0.214029,outputs/checkpoints/best_vgg16_lr0.0001.pth,0.0001,sgxudag7,4,0.8307692307692308
p4_img5,data/raw/p4_img5.png,VGG16,vgg16,Good,0.893871,0.106129,outputs/checkpoints/best_vgg16_lr0.0001.pth,0.0001,sgxudag7,4,0.8307692307692308
p4_img6,data/raw/p4_img6.png,VGG16,vgg16,Good,0.895796,0.104204,outputs/checkpoints/best_vgg16_lr0.0001.pth,0.0001,sgxudag7,4,0.8307692307692308
p4_img7,data/raw/p4_img7.png,VGG16,vgg16,Good,0.922826,0.077174,outputs/checkpoints/best_vgg16_lr0.0001.pth,0.0001,sgxudag7,4,0.8307692307692308
p4_img8,data/raw/p4_img8.png,VGG16,vgg16,Good,0.909886,0.090114,outputs/checkpoints/best_vgg16_lr0.0001.pth,0.0001,sgxudag7,4,0.8307692307692308
p4_img9,data/raw/p4_img9.png,VGG16,vgg16,Good,0.878973,0.121027,outputs/checkpoints/best_vgg16_lr0.0001.pth,0.0001,sgxudag7,4,0.8307692307692308
p4_seed0,data/raw/p4_seed0.jpg,VGG16,vgg16,Good,0.677988,0.322012,outputs/checkpoints/best_vgg16_lr0.0001.pth,0.0001,sgxudag7,4,0.8307692307692308
p4_seed1,data/raw/p4_seed1.jpg,VGG16,vgg16,Good,0.591148,0.408852,outputs/checkpoints/best_vgg16_lr0.0001.pth,0.0001,sgxudag7,4,0.8307692307692308
p4_seed10,data/raw/p4_seed10.jpg,VGG16,vgg16,Good,0.54289,0.45711,outputs/checkpoints/best_vgg16_lr0.0001.pth,0.0001,sgxudag7,4,0.8307692307692308
p4_seed11,data/raw/p4_seed11.jpg,VGG16,vgg16,Good,0.621876,0.378124,outputs/checkpoints/best_vgg16_lr0.0001.pth,0.0001,sgxudag7,4,0.8307692307692308
p4_seed12,data/raw/p4_seed12.jpg,VGG16,vgg16,Good,0.605946,0.394054,outputs/checkpoints/best_vgg16_lr0.0001.pth,0.0001,sgxudag7,4,0.8307692307692308
p4_seed13,data/raw/p4_seed13.jpg,VGG16,vgg16,Good,0.752247,0.247753,outputs/checkpoints/best_vgg16_lr0.0001.pth,0.0001,sgxudag7,4,0.8307692307692308
p4_seed14,data/raw/p4_seed14.jpg,VGG16,vgg16,Good,0.579739,0.420261,outputs/checkpoints/best_vgg16_lr0.0001.pth,0.0001,sgxudag7,4,0.8307692307692308
p4_seed15,data/raw/p4_seed15.jpg,VGG16,vgg16,Bad,0.492525,0.507475,outputs/checkpoints/best_vgg16_lr0.0001.pth,0.0001,sgxudag7,4,0.8307692307692308
p4_seed16,data/raw/p4_seed16.jpg,VGG16,vgg16,Good,0.597594,0.402406,outputs/checkpoints/best_vgg16_lr0.0001.pth,0.0001,sgxudag7,4,0.8307692307692308
p4_seed17,data/raw/p4_seed17.jpg,VGG16,vgg16,Bad,0.457072,0.542928,outputs/checkpoints/best_vgg16_lr0.0001.pth,0.0001,sgxudag7,4,0.8307692307692308
p4_seed18,data/raw/p4_seed18.jpg,VGG16,vgg16,Good,0.754196,0.245804,outputs/checkpoints/best_vgg16_lr0.0001.pth,0.0001,sgxudag7,4,0.8307692307692308
p4_seed19,data/raw/p4_seed19.jpg,VGG16,vgg16,Good,0.580545,0.419455,outputs/checkpoints/best_vgg16_lr0.0001.pth,0.0001,sgxudag7,4,0.8307692307692308
p4_seed2,data/raw/p4_seed2.jpg,VGG16,vgg16,Good,0.746529,0.253471,outputs/checkpoints/best_vgg16_lr0.0001.pth,0.0001,sgxudag7,4,0.8307692307692308
p4_seed20,data/raw/p4_seed20.jpg,VGG16,vgg16,Good,0.586333,0.413667,outputs/checkpoints/best_vgg16_lr0.0001.pth,0.0001,sgxudag7,4,0.8307692307692308
p4_seed21,data/raw/p4_seed21.jpg,VGG16,vgg16,Bad,0.392489,0.607511,outputs/checkpoints/best_vgg16_lr0.0001.pth,0.0001,sgxudag7,4,0.8307692307692308
p4_seed22,data/raw/p4_seed22.jpg,VGG16,vgg16,Good,0.695833,0.304167,outputs/checkpoints/best_vgg16_lr0.0001.pth,0.0001,sgxudag7,4,0.8307692307692308
p4_seed23,data/raw/p4_seed23.jpg,VGG16,vgg16,Good,0.595084,0.404916,outputs/checkpoints/best_vgg16_lr0.0001.pth,0.0001,sgxudag7,4,0.8307692307692308
p4_seed24,data/raw/p4_seed24.jpg,VGG16,vgg16,Good,0.618339,0.381661,outputs/checkpoints/best_vgg16_lr0.0001.pth,0.0001,sgxudag7,4,0.8307692307692308
p4_seed25,data/raw/p4_seed25.jpg,VGG16,vgg16,Good,0.56215,0.43785,outputs/checkpoints/best_vgg16_lr0.0001.pth,0.0001,sgxudag7,4,0.8307692307692308
p4_seed26,data/raw/p4_seed26.jpg,VGG16,vgg16,Good,0.705976,0.294024,outputs/checkpoints/best_vgg16_lr0.0001.pth,0.0001,sgxudag7,4,0.8307692307692308
p4_seed27,data/raw/p4_seed27.jpg,VGG16,vgg16,Good,0.631363,0.368637,outputs/checkpoints/best_vgg16_lr0.0001.pth,0.0001,sgxudag7,4,0.8307692307692308
p4_seed28,data/raw/p4_seed28.jpg,VGG16,vgg16,Good,0.849313,0.150687,outputs/checkpoints/best_vgg16_lr0.0001.pth,0.0001,sgxudag7,4,0.8307692307692308
p4_seed29,data/raw/p4_seed29.jpg,VGG16,vgg16,Good,0.647591,0.352409,outputs/checkpoints/best_vgg16_lr0.0001.pth,0.0001,sgxudag7,4,0.8307692307692308
p4_seed3,data/raw/p4_seed3.jpg,VGG16,vgg16,Good,0.535866,0.464134,outputs/checkpoints/best_vgg16_lr0.0001.pth,0.0001,sgxudag7,4,0.8307692307692308
p4_seed4,data/raw/p4_seed4.jpg,VGG16,vgg16,Good,0.61912,0.38088,outputs/checkpoints/best_vgg16_lr0.0001.pth,0.0001,sgxudag7,4,0.8307692307692308
p4_seed5,data/raw/p4_seed5.jpg,VGG16,vgg16,Good,0.696461,0.303539,outputs/checkpoints/best_vgg16_lr0.0001.pth,0.0001,sgxudag7,4,0.8307692307692308
p4_seed6,data/raw/p4_seed6.jpg,VGG16,vgg16,Good,0.677818,0.322182,outputs/checkpoints/best_vgg16_lr0.0001.pth,0.0001,sgxudag7,4,0.8307692307692308
p4_seed7,data/raw/p4_seed7.jpg,VGG16,vgg16,Good,0.594909,0.405091,outputs/checkpoints/best_vgg16_lr0.0001.pth,0.0001,sgxudag7,4,0.8307692307692308
p4_seed8,data/raw/p4_seed8.jpg,VGG16,vgg16,Good,0.660385,0.339615,outputs/checkpoints/best_vgg16_lr0.0001.pth,0.0001,sgxudag7,4,0.8307692307692308
p4_seed9,data/raw/p4_seed9.jpg,VGG16,vgg16,Good,0.638809,0.361191,outputs/checkpoints/best_vgg16_lr0.0001.pth,0.0001,sgxudag7,4,0.8307692307692308
p5_img0,data/raw/p5_img0.png,VGG16,vgg16,Bad,0.387588,0.612412,outputs/checkpoints/best_vgg16_lr0.0001.pth,0.0001,sgxudag7,4,0.8307692307692308
p5_img1,data/raw/p5_img1.png,VGG16,vgg16,Bad,0.30465,0.69535,outputs/checkpoints/best_vgg16_lr0.0001.pth,0.0001,sgxudag7,4,0.8307692307692308
p5_img10,data/raw/p5_img10.png,VGG16,vgg16,Bad,0.492876,0.507123,outputs/checkpoints/best_vgg16_lr0.0001.pth,0.0001,sgxudag7,4,0.8307692307692308
p5_img11,data/raw/p5_img11.png,VGG16,vgg16,Bad,0.301543,0.698457,outputs/checkpoints/best_vgg16_lr0.0001.pth,0.0001,sgxudag7,4,0.8307692307692308
p5_img12,data/raw/p5_img12.png,VGG16,vgg16,Good,0.577918,0.422082,outputs/checkpoints/best_vgg16_lr0.0001.pth,0.0001,sgxudag7,4,0.8307692307692308
p5_img13,data/raw/p5_img13.png,VGG16,vgg16,Good,0.696105,0.303895,outputs/checkpoints/best_vgg16_lr0.0001.pth,0.0001,sgxudag7,4,0.8307692307692308
p5_img14,data/raw/p5_img14.png,VGG16,vgg16,Bad,0.398991,0.601009,outputs/checkpoints/best_vgg16_lr0.0001.pth,0.0001,sgxudag7,4,0.8307692307692308
p5_img15,data/raw/p5_img15.png,VGG16,vgg16,Bad,0.425224,0.574776,outputs/checkpoints/best_vgg16_lr0.0001.pth,0.0001,sgxudag7,4,0.8307692307692308
p5_img16,data/raw/p5_img16.png,VGG16,vgg16,Bad,0.423907,0.576093,outputs/checkpoints/best_vgg16_lr0.0001.pth,0.0001,sgxudag7,4,0.8307692307692308
p5_img17,data/raw/p5_img17.png,VGG16,vgg16,Bad,0.326217,0.673783,outputs/checkpoints/best_vgg16_lr0.0001.pth,0.0001,sgxudag7,4,0.8307692307692308
p5_img18,data/raw/p5_img18.png,VGG16,vgg16,Bad,0.428587,0.571412,outputs/checkpoints/best_vgg16_lr0.0001.pth,0.0001,sgxudag7,4,0.8307692307692308
p5_img19,data/raw/p5_img19.png,VGG16,vgg16,Bad,0.471299,0.528701,outputs/checkpoints/best_vgg16_lr0.0001.pth,0.0001,sgxudag7,4,0.8307692307692308
p5_img2,data/raw/p5_img2.png,VGG16,vgg16,Bad,0.460187,0.539813,outputs/checkpoints/best_vgg16_lr0.0001.pth,0.0001,sgxudag7,4,0.8307692307692308
p5_img20,data/raw/p5_img20.png,VGG16,vgg16,Good,0.525893,0.474107,outputs/checkpoints/best_vgg16_lr0.0001.pth,0.0001,sgxudag7,4,0.8307692307692308
p5_img21,data/raw/p5_img21.png,VGG16,vgg16,Bad,0.435418,0.564582,outputs/checkpoints/best_vgg16_lr0.0001.pth,0.0001,sgxudag7,4,0.8307692307692308
p5_img22,data/raw/p5_img22.png,VGG16,vgg16,Bad,0.389649,0.610351,outputs/checkpoints/best_vgg16_lr0.0001.pth,0.0001,sgxudag7,4,0.8307692307692308
p5_img23,data/raw/p5_img23.png,VGG16,vgg16,Bad,0.309502,0.690498,outputs/checkpoints/best_vgg16_lr0.0001.pth,0.0001,sgxudag7,4,0.8307692307692308
p5_img24,data/raw/p5_img24.png,VGG16,vgg16,Good,0.793066,0.206934,outputs/checkpoints/best_vgg16_lr0.0001.pth,0.0001,sgxudag7,4,0.8307692307692308
p5_img25,data/raw/p5_img25.png,VGG16,vgg16,Bad,0.302645,0.697355,outputs/checkpoints/best_vgg16_lr0.0001.pth,0.0001,sgxudag7,4,0.8307692307692308
p5_img26,data/raw/p5_img26.png,VGG16,vgg16,Good,0.660876,0.339124,outputs/checkpoints/best_vgg16_lr0.0001.pth,0.0001,sgxudag7,4,0.8307692307692308
p5_img27,data/raw/p5_img27.png,VGG16,vgg16,Bad,0.326466,0.673534,outputs/checkpoints/best_vgg16_lr0.0001.pth,0.0001,sgxudag7,4,0.8307692307692308
p5_img28,data/raw/p5_img28.png,VGG16,vgg16,Bad,0.341339,0.658661,outputs/checkpoints/best_vgg16_lr0.0001.pth,0.0001,sgxudag7,4,0.8307692307692308
p5_img29,data/raw/p5_img29.png,VGG16,vgg16,Good,0.578273,0.421727,outputs/checkpoints/best_vgg16_lr0.0001.pth,0.0001,sgxudag7,4,0.8307692307692308
p5_img3,data/raw/p5_img3.png,VGG16,vgg16,Bad,0.288093,0.711907,outputs/checkpoints/best_vgg16_lr0.0001.pth,0.0001,sgxudag7,4,0.8307692307692308
p5_img4,data/raw/p5_img4.png,VGG16,vgg16,Bad,0.327694,0.672306,outputs/checkpoints/best_vgg16_lr0.0001.pth,0.0001,sgxudag7,4,0.8307692307692308
p5_img5,data/raw/p5_img5.png,VGG16,vgg16,Bad,0.310355,0.689645,outputs/checkpoints/best_vgg16_lr0.0001.pth,0.0001,sgxudag7,4,0.8307692307692308
p5_img6,data/raw/p5_img6.png,VGG16,vgg16,Bad,0.421483,0.578517,outputs/checkpoints/best_vgg16_lr0.0001.pth,0.0001,sgxudag7,4,0.8307692307692308
p5_img7,data/raw/p5_img7.png,VGG16,vgg16,Bad,0.371785,0.628215,outputs/checkpoints/best_vgg16_lr0.0001.pth,0.0001,sgxudag7,4,0.8307692307692308
p5_img8,data/raw/p5_img8.png,VGG16,vgg16,Bad,0.352688,0.647312,outputs/checkpoints/best_vgg16_lr0.0001.pth,0.0001,sgxudag7,4,0.8307692307692308
p5_img9,data/raw/p5_img9.png,VGG16,vgg16,Bad,0.364551,0.635449,outputs/checkpoints/best_vgg16_lr0.0001.pth,0.0001,sgxudag7,4,0.8307692307692308
p5_seed0,data/raw/p5_seed0.jpg,VGG16,vgg16,Bad,0.371519,0.628481,outputs/checkpoints/best_vgg16_lr0.0001.pth,0.0001,sgxudag7,4,0.8307692307692308
p5_seed1,data/raw/p5_seed1.jpg,VGG16,vgg16,Bad,0.333607,0.666393,outputs/checkpoints/best_vgg16_lr0.0001.pth,0.0001,sgxudag7,4,0.8307692307692308
p5_seed10,data/raw/p5_seed10.jpg,VGG16,vgg16,Bad,0.302249,0.697751,outputs/checkpoints/best_vgg16_lr0.0001.pth,0.0001,sgxudag7,4,0.8307692307692308
p5_seed11,data/raw/p5_seed11.jpg,VGG16,vgg16,Bad,0.406415,0.593585,outputs/checkpoints/best_vgg16_lr0.0001.pth,0.0001,sgxudag7,4,0.8307692307692308
p5_seed12,data/raw/p5_seed12.jpg,VGG16,vgg16,Bad,0.475497,0.524503,outputs/checkpoints/best_vgg16_lr0.0001.pth,0.0001,sgxudag7,4,0.8307692307692308
p5_seed13,data/raw/p5_seed13.jpg,VGG16,vgg16,Bad,0.342002,0.657998,outputs/checkpoints/best_vgg16_lr0.0001.pth,0.0001,sgxudag7,4,0.8307692307692308
p5_seed14,data/raw/p5_seed14.jpg,VGG16,vgg16,Bad,0.421159,0.578841,outputs/checkpoints/best_vgg16_lr0.0001.pth,0.0001,sgxudag7,4,0.8307692307692308
p5_seed15,data/raw/p5_seed15.jpg,VGG16,vgg16,Bad,0.39061,0.60939,outputs/checkpoints/best_vgg16_lr0.0001.pth,0.0001,sgxudag7,4,0.8307692307692308
p5_seed16,data/raw/p5_seed16.jpg,VGG16,vgg16,Bad,0.446282,0.553719,outputs/checkpoints/best_vgg16_lr0.0001.pth,0.0001,sgxudag7,4,0.8307692307692308
p5_seed17,data/raw/p5_seed17.jpg,VGG16,vgg16,Bad,0.361309,0.638691,outputs/checkpoints/best_vgg16_lr0.0001.pth,0.0001,sgxudag7,4,0.8307692307692308
p5_seed18,data/raw/p5_seed18.jpg,VGG16,vgg16,Bad,0.442653,0.557347,outputs/checkpoints/best_vgg16_lr0.0001.pth,0.0001,sgxudag7,4,0.8307692307692308
p5_seed19,data/raw/p5_seed19.jpg,VGG16,vgg16,Bad,0.334268,0.665732,outputs/checkpoints/best_vgg16_lr0.0001.pth,0.0001,sgxudag7,4,0.8307692307692308
p5_seed2,data/raw/p5_seed2.jpg,VGG16,vgg16,Bad,0.386048,0.613952,outputs/checkpoints/best_vgg16_lr0.0001.pth,0.0001,sgxudag7,4,0.8307692307692308
p5_seed20,data/raw/p5_seed20.jpg,VGG16,vgg16,Good,0.548961,0.451039,outputs/checkpoints/best_vgg16_lr0.0001.pth,0.0001,sgxudag7,4,0.8307692307692308
p5_seed21,data/raw/p5_seed21.jpg,VGG16,vgg16,Bad,0.322439,0.677561,outputs/checkpoints/best_vgg16_lr0.0001.pth,0.0001,sgxudag7,4,0.8307692307692308
p5_seed22,data/raw/p5_seed22.jpg,VGG16,vgg16,Good,0.507436,0.492564,outputs/checkpoints/best_vgg16_lr0.0001.pth,0.0001,sgxudag7,4,0.8307692307692308
p5_seed23,data/raw/p5_seed23.jpg,VGG16,vgg16,Good,0.590093,0.409907,outputs/checkpoints/best_vgg16_lr0.0001.pth,0.0001,sgxudag7,4,0.8307692307692308
p5_seed24,data/raw/p5_seed24.jpg,VGG16,vgg16,Bad,0.421864,0.578136,outputs/checkpoints/best_vgg16_lr0.0001.pth,0.0001,sgxudag7,4,0.8307692307692308
p5_seed25,data/raw/p5_seed25.jpg,VGG16,vgg16,Good,0.507237,0.492763,outputs/checkpoints/best_vgg16_lr0.0001.pth,0.0001,sgxudag7,4,0.8307692307692308
p5_seed26,data/raw/p5_seed26.jpg,VGG16,vgg16,Good,0.683894,0.316106,outputs/checkpoints/best_vgg16_lr0.0001.pth,0.0001,sgxudag7,4,0.8307692307692308
p5_seed27,data/raw/p5_seed27.jpg,VGG16,vgg16,Bad,0.307766,0.692234,outputs/checkpoints/best_vgg16_lr0.0001.pth,0.0001,sgxudag7,4,0.8307692307692308
p5_seed28,data/raw/p5_seed28.jpg,VGG16,vgg16,Bad,0.458742,0.541258,outputs/checkpoints/best_vgg16_lr0.0001.pth,0.0001,sgxudag7,4,0.8307692307692308
p5_seed29,data/raw/p5_seed29.jpg,VGG16,vgg16,Good,0.522631,0.477369,outputs/checkpoints/best_vgg16_lr0.0001.pth,0.0001,sgxudag7,4,0.8307692307692308
p5_seed3,data/raw/p5_seed3.jpg,VGG16,vgg16,Bad,0.352339,0.647661,outputs/checkpoints/best_vgg16_lr0.0001.pth,0.0001,sgxudag7,4,0.8307692307692308
p5_seed4,data/raw/p5_seed4.jpg,VGG16,vgg16,Good,0.548552,0.451448,outputs/checkpoints/best_vgg16_lr0.0001.pth,0.0001,sgxudag7,4,0.8307692307692308
p5_seed5,data/raw/p5_seed5.jpg,VGG16,vgg16,Good,0.514535,0.485465,outputs/checkpoints/best_vgg16_lr0.0001.pth,0.0001,sgxudag7,4,0.8307692307692308
p5_seed6,data/raw/p5_seed6.jpg,VGG16,vgg16,Bad,0.404825,0.595175,outputs/checkpoints/best_vgg16_lr0.0001.pth,0.0001,sgxudag7,4,0.8307692307692308
p5_seed7,data/raw/p5_seed7.jpg,VGG16,vgg16,Bad,0.431227,0.568773,outputs/checkpoints/best_vgg16_lr0.0001.pth,0.0001,sgxudag7,4,0.8307692307692308
p5_seed8,data/raw/p5_seed8.jpg,VGG16,vgg16,Bad,0.472503,0.527497,outputs/checkpoints/best_vgg16_lr0.0001.pth,0.0001,sgxudag7,4,0.8307692307692308
p5_seed9,data/raw/p5_seed9.jpg,VGG16,vgg16,Good,0.654147,0.345853,outputs/checkpoints/best_vgg16_lr0.0001.pth,0.0001,sgxudag7,4,0.8307692307692308
p6_img0,data/raw/p6_img0.png,VGG16,vgg16,Bad,0.38259,0.61741,outputs/checkpoints/best_vgg16_lr0.0001.pth,0.0001,sgxudag7,4,0.8307692307692308
p6_img1,data/raw/p6_img1.png,VGG16,vgg16,Good,0.581476,0.418524,outputs/checkpoints/best_vgg16_lr0.0001.pth,0.0001,sgxudag7,4,0.8307692307692308
p6_img10,data/raw/p6_img10.png,VGG16,vgg16,Bad,0.348276,0.651724,outputs/checkpoints/best_vgg16_lr0.0001.pth,0.0001,sgxudag7,4,0.8307692307692308
p6_img11,data/raw/p6_img11.png,VGG16,vgg16,Bad,0.374061,0.625939,outputs/checkpoints/best_vgg16_lr0.0001.pth,0.0001,sgxudag7,4,0.8307692307692308
p6_img12,data/raw/p6_img12.png,VGG16,vgg16,Good,0.604253,0.395747,outputs/checkpoints/best_vgg16_lr0.0001.pth,0.0001,sgxudag7,4,0.8307692307692308
p6_img13,data/raw/p6_img13.png,VGG16,vgg16,Good,0.635596,0.364404,outputs/checkpoints/best_vgg16_lr0.0001.pth,0.0001,sgxudag7,4,0.8307692307692308
p6_img14,data/raw/p6_img14.png,VGG16,vgg16,Bad,0.429646,0.570354,outputs/checkpoints/best_vgg16_lr0.0001.pth,0.0001,sgxudag7,4,0.8307692307692308
p6_img15,data/raw/p6_img15.png,VGG16,vgg16,Good,0.538303,0.461697,outputs/checkpoints/best_vgg16_lr0.0001.pth,0.0001,sgxudag7,4,0.8307692307692308
p6_img16,data/raw/p6_img16.png,VGG16,vgg16,Good,0.698408,0.301592,outputs/checkpoints/best_vgg16_lr0.0001.pth,0.0001,sgxudag7,4,0.8307692307692308
p6_img17,data/raw/p6_img17.png,VGG16,vgg16,Bad,0.405728,0.594272,outputs/checkpoints/best_vgg16_lr0.0001.pth,0.0001,sgxudag7,4,0.8307692307692308
p6_img18,data/raw/p6_img18.png,VGG16,vgg16,Good,0.51212,0.48788,outputs/checkpoints/best_vgg16_lr0.0001.pth,0.0001,sgxudag7,4,0.8307692307692308
p6_img19,data/raw/p6_img19.png,VGG16,vgg16,Bad,0.315009,0.684991,outputs/checkpoints/best_vgg16_lr0.0001.pth,0.0001,sgxudag7,4,0.8307692307692308
p6_img2,data/raw/p6_img2.png,VGG16,vgg16,Bad,0.342599,0.657401,outputs/checkpoints/best_vgg16_lr0.0001.pth,0.0001,sgxudag7,4,0.8307692307692308
p6_img20,data/raw/p6_img20.png,VGG16,vgg16,Good,0.550747,0.449253,outputs/checkpoints/best_vgg16_lr0.0001.pth,0.0001,sgxudag7,4,0.8307692307692308
p6_img21,data/raw/p6_img21.png,VGG16,vgg16,Good,0.951435,0.048565,outputs/checkpoints/best_vgg16_lr0.0001.pth,0.0001,sgxudag7,4,0.8307692307692308
p6_img22,data/raw/p6_img22.png,VGG16,vgg16,Good,0.737755,0.262245,outputs/checkpoints/best_vgg16_lr0.0001.pth,0.0001,sgxudag7,4,0.8307692307692308
p6_img23,data/raw/p6_img23.png,VGG16,vgg16,Bad,0.441529,0.558471,outputs/checkpoints/best_vgg16_lr0.0001.pth,0.0001,sgxudag7,4,0.8307692307692308
p6_img24,data/raw/p6_img24.png,VGG16,vgg16,Good,0.676657,0.323343,outputs/checkpoints/best_vgg16_lr0.0001.pth,0.0001,sgxudag7,4,0.8307692307692308
p6_img25,data/raw/p6_img25.png,VGG16,vgg16,Bad,0.371402,0.628598,outputs/checkpoints/best_vgg16_lr0.0001.pth,0.0001,sgxudag7,4,0.8307692307692308
p6_img26,data/raw/p6_img26.png,VGG16,vgg16,Good,0.596166,0.403834,outputs/checkpoints/best_vgg16_lr0.0001.pth,0.0001,sgxudag7,4,0.8307692307692308
p6_img27,data/raw/p6_img27.png,VGG16,vgg16,Bad,0.437244,0.562756,outputs/checkpoints/best_vgg16_lr0.0001.pth,0.0001,sgxudag7,4,0.8307692307692308
p6_img28,data/raw/p6_img28.png,VGG16,vgg16,Good,0.532602,0.467398,outputs/checkpoints/best_vgg16_lr0.0001.pth,0.0001,sgxudag7,4,0.8307692307692308
p6_img29,data/raw/p6_img29.png,VGG16,vgg16,Bad,0.393084,0.606916,outputs/checkpoints/best_vgg16_lr0.0001.pth,0.0001,sgxudag7,4,0.8307692307692308
p6_img3,data/raw/p6_img3.png,VGG16,vgg16,Bad,0.450137,0.549863,outputs/checkpoints/best_vgg16_lr0.0001.pth,0.0001,sgxudag7,4,0.8307692307692308
p6_img4,data/raw/p6_img4.png,VGG16,vgg16,Bad,0.324748,0.675252,outputs/checkpoints/best_vgg16_lr0.0001.pth,0.0001,sgxudag7,4,0.8307692307692308
p6_img5,data/raw/p6_img5.png,VGG16,vgg16,Bad,0.320765,0.679235,outputs/checkpoints/best_vgg16_lr0.0001.pth,0.0001,sgxudag7,4,0.8307692307692308
p6_img6,data/raw/p6_img6.png,VGG16,vgg16,Bad,0.407987,0.592013,outputs/checkpoints/best_vgg16_lr0.0001.pth,0.0001,sgxudag7,4,0.8307692307692308
p6_img7,data/raw/p6_img7.png,VGG16,vgg16,Good,0.595649,0.404351,outputs/checkpoints/best_vgg16_lr0.0001.pth,0.0001,sgxudag7,4,0.8307692307692308
p6_img8,data/raw/p6_img8.png,VGG16,vgg16,Good,0.604713,0.395287,outputs/checkpoints/best_vgg16_lr0.0001.pth,0.0001,sgxudag7,4,0.8307692307692308
p6_img9,data/raw/p6_img9.png,VGG16,vgg16,Bad,0.290944,0.709056,outputs/checkpoints/best_vgg16_lr0.0001.pth,0.0001,sgxudag7,4,0.8307692307692308
p6_seed0,data/raw/p6_seed0.jpg,VGG16,vgg16,Good,0.576908,0.423092,outputs/checkpoints/best_vgg16_lr0.0001.pth,0.0001,sgxudag7,4,0.8307692307692308
p6_seed1,data/raw/p6_seed1.jpg,VGG16,vgg16,Good,0.540687,0.459313,outputs/checkpoints/best_vgg16_lr0.0001.pth,0.0001,sgxudag7,4,0.8307692307692308
p6_seed10,data/raw/p6_seed10.jpg,VGG16,vgg16,Bad,0.456318,0.543682,outputs/checkpoints/best_vgg16_lr0.0001.pth,0.0001,sgxudag7,4,0.8307692307692308
p6_seed11,data/raw/p6_seed11.jpg,VGG16,vgg16,Good,0.673137,0.326863,outputs/checkpoints/best_vgg16_lr0.0001.pth,0.0001,sgxudag7,4,0.8307692307692308
p6_seed12,data/raw/p6_seed12.jpg,VGG16,vgg16,Bad,0.442029,0.557971,outputs/checkpoints/best_vgg16_lr0.0001.pth,0.0001,sgxudag7,4,0.8307692307692308
p6_seed13,data/raw/p6_seed13.jpg,VGG16,vgg16,Good,0.601825,0.398175,outputs/checkpoints/best_vgg16_lr0.0001.pth,0.0001,sgxudag7,4,0.8307692307692308
p6_seed14,data/raw/p6_seed14.jpg,VGG16,vgg16,Good,0.524502,0.475498,outputs/checkpoints/best_vgg16_lr0.0001.pth,0.0001,sgxudag7,4,0.8307692307692308
p6_seed15,data/raw/p6_seed15.jpg,VGG16,vgg16,Bad,0.450482,0.549518,outputs/checkpoints/best_vgg16_lr0.0001.pth,0.0001,sgxudag7,4,0.8307692307692308
p6_seed16,data/raw/p6_seed16.jpg,VGG16,vgg16,Bad,0.476832,0.523168,outputs/checkpoints/best_vgg16_lr0.0001.pth,0.0001,sgxudag7,4,0.8307692307692308
p6_seed17,data/raw/p6_seed17.jpg,VGG16,vgg16,Good,0.506596,0.493404,outputs/checkpoints/best_vgg16_lr0.0001.pth,0.0001,sgxudag7,4,0.8307692307692308
p6_seed18,data/raw/p6_seed18.jpg,VGG16,vgg16,Good,0.551817,0.448183,outputs/checkpoints/best_vgg16_lr0.0001.pth,0.0001,sgxudag7,4,0.8307692307692308
p6_seed19,data/raw/p6_seed19.jpg,VGG16,vgg16,Good,0.555325,0.444675,outputs/checkpoints/best_vgg16_lr0.0001.pth,0.0001,sgxudag7,4,0.8307692307692308
p6_seed2,data/raw/p6_seed2.jpg,VGG16,vgg16,Good,0.570689,0.429311,outputs/checkpoints/best_vgg16_lr0.0001.pth,0.0001,sgxudag7,4,0.8307692307692308
p6_seed3,data/raw/p6_seed3.jpg,VGG16,vgg16,Bad,0.365411,0.634589,outputs/checkpoints/best_vgg16_lr0.0001.pth,0.0001,sgxudag7,4,0.8307692307692308
p6_seed4,data/raw/p6_seed4.jpg,VGG16,vgg16,Good,0.599669,0.400331,outputs/checkpoints/best_vgg16_lr0.0001.pth,0.0001,sgxudag7,4,0.8307692307692308
p6_seed5,data/raw/p6_seed5.jpg,VGG16,vgg16,Good,0.555579,0.444421,outputs/checkpoints/best_vgg16_lr0.0001.pth,0.0001,sgxudag7,4,0.8307692307692308
p6_seed6,data/raw/p6_seed6.jpg,VGG16,vgg16,Bad,0.46975,0.53025,outputs/checkpoints/best_vgg16_lr0.0001.pth,0.0001,sgxudag7,4,0.8307692307692308
p6_seed7,data/raw/p6_seed7.jpg,VGG16,vgg16,Good,0.540615,0.459385,outputs/checkpoints/best_vgg16_lr0.0001.pth,0.0001,sgxudag7,4,0.8307692307692308
p6_seed8,data/raw/p6_seed8.jpg,VGG16,vgg16,Good,0.558122,0.441878,outputs/checkpoints/best_vgg16_lr0.0001.pth,0.0001,sgxudag7,4,0.8307692307692308
p6_seed9,data/raw/p6_seed9.jpg,VGG16,vgg16,Good,0.624205,0.375795,outputs/checkpoints/best_vgg16_lr0.0001.pth,0.0001,sgxudag7,4,0.8307692307692308
p7_img0,data/raw/p7_img0.png,VGG16,vgg16,Good,0.82594,0.17406,outputs/checkpoints/best_vgg16_lr0.0001.pth,0.0001,sgxudag7,4,0.8307692307692308
p7_img1,data/raw/p7_img1.png,VGG16,vgg16,Good,0.813333,0.186667,outputs/checkpoints/best_vgg16_lr0.0001.pth,0.0001,sgxudag7,4,0.8307692307692308
p7_img10,data/raw/p7_img10.png,VGG16,vgg16,Good,0.73994,0.26006,outputs/checkpoints/best_vgg16_lr0.0001.pth,0.0001,sgxudag7,4,0.8307692307692308
p7_img11,data/raw/p7_img11.png,VGG16,vgg16,Good,0.87762,0.12238,outputs/checkpoints/best_vgg16_lr0.0001.pth,0.0001,sgxudag7,4,0.8307692307692308
p7_img12,data/raw/p7_img12.png,VGG16,vgg16,Good,0.84033,0.15967,outputs/checkpoints/best_vgg16_lr0.0001.pth,0.0001,sgxudag7,4,0.8307692307692308
p7_img13,data/raw/p7_img13.png,VGG16,vgg16,Good,0.91889,0.08111,outputs/checkpoints/best_vgg16_lr0.0001.pth,0.0001,sgxudag7,4,0.8307692307692308
p7_img14,data/raw/p7_img14.png,VGG16,vgg16,Good,0.687589,0.312411,outputs/checkpoints/best_vgg16_lr0.0001.pth,0.0001,sgxudag7,4,0.8307692307692308
p7_img15,data/raw/p7_img15.png,VGG16,vgg16,Good,0.842179,0.157821,outputs/checkpoints/best_vgg16_lr0.0001.pth,0.0001,sgxudag7,4,0.8307692307692308
p7_img16,data/raw/p7_img16.png,VGG16,vgg16,Good,0.778146,0.221854,outputs/checkpoints/best_vgg16_lr0.0001.pth,0.0001,sgxudag7,4,0.8307692307692308
p7_img17,data/raw/p7_img17.png,VGG16,vgg16,Good,0.813016,0.186984,outputs/checkpoints/best_vgg16_lr0.0001.pth,0.0001,sgxudag7,4,0.8307692307692308
p7_img18,data/raw/p7_img18.png,VGG16,vgg16,Good,0.850107,0.149893,outputs/checkpoints/best_vgg16_lr0.0001.pth,0.0001,sgxudag7,4,0.8307692307692308
p7_img19,data/raw/p7_img19.png,VGG16,vgg16,Good,0.820901,0.179099,outputs/checkpoints/best_vgg16_lr0.0001.pth,0.0001,sgxudag7,4,0.8307692307692308
p7_img2,data/raw/p7_img2.png,VGG16,vgg16,Good,0.835471,0.164529,outputs/checkpoints/best_vgg16_lr0.0001.pth,0.0001,sgxudag7,4,0.8307692307692308
p7_img20,data/raw/p7_img20.png,VGG16,vgg16,Good,0.887507,0.112493,outputs/checkpoints/best_vgg16_lr0.0001.pth,0.0001,sgxudag7,4,0.8307692307692308
p7_img21,data/raw/p7_img21.png,VGG16,vgg16,Good,0.961671,0.038329,outputs/checkpoints/best_vgg16_lr0.0001.pth,0.0001,sgxudag7,4,0.8307692307692308
p7_img22,data/raw/p7_img22.png,VGG16,vgg16,Good,0.896218,0.103782,outputs/checkpoints/best_vgg16_lr0.0001.pth,0.0001,sgxudag7,4,0.8307692307692308
p7_img23,data/raw/p7_img23.png,VGG16,vgg16,Good,0.88432,0.11568,outputs/checkpoints/best_vgg16_lr0.0001.pth,0.0001,sgxudag7,4,0.8307692307692308
p7_img24,data/raw/p7_img24.png,VGG16,vgg16,Good,0.865006,0.134994,outputs/checkpoints/best_vgg16_lr0.0001.pth,0.0001,sgxudag7,4,0.8307692307692308
p7_img25,data/raw/p7_img25.png,VGG16,vgg16,Good,0.718824,0.281177,outputs/checkpoints/best_vgg16_lr0.0001.pth,0.0001,sgxudag7,4,0.8307692307692308
p7_img26,data/raw/p7_img26.png,VGG16,vgg16,Good,0.853132,0.146868,outputs/checkpoints/best_vgg16_lr0.0001.pth,0.0001,sgxudag7,4,0.8307692307692308
p7_img27,data/raw/p7_img27.png,VGG16,vgg16,Good,0.793209,0.206791,outputs/checkpoints/best_vgg16_lr0.0001.pth,0.0001,sgxudag7,4,0.8307692307692308
p7_img28,data/raw/p7_img28.png,VGG16,vgg16,Good,0.723816,0.276184,outputs/checkpoints/best_vgg16_lr0.0001.pth,0.0001,sgxudag7,4,0.8307692307692308
p7_img29,data/raw/p7_img29.png,VGG16,vgg16,Good,0.854299,0.145701,outputs/checkpoints/best_vgg16_lr0.0001.pth,0.0001,sgxudag7,4,0.8307692307692308
p7_img3,data/raw/p7_img3.png,VGG16,vgg16,Good,0.832925,0.167075,outputs/checkpoints/best_vgg16_lr0.0001.pth,0.0001,sgxudag7,4,0.8307692307692308
p7_img4,data/raw/p7_img4.png,VGG16,vgg16,Good,0.815295,0.184705,outputs/checkpoints/best_vgg16_lr0.0001.pth,0.0001,sgxudag7,4,0.8307692307692308
p7_img5,data/raw/p7_img5.png,VGG16,vgg16,Good,0.831993,0.168007,outputs/checkpoints/best_vgg16_lr0.0001.pth,0.0001,sgxudag7,4,0.8307692307692308
p7_img6,data/raw/p7_img6.png,VGG16,vgg16,Good,0.865328,0.134672,outputs/checkpoints/best_vgg16_lr0.0001.pth,0.0001,sgxudag7,4,0.8307692307692308
p7_img7,data/raw/p7_img7.png,VGG16,vgg16,Good,0.900574,0.099426,outputs/checkpoints/best_vgg16_lr0.0001.pth,0.0001,sgxudag7,4,0.8307692307692308
p7_img8,data/raw/p7_img8.png,VGG16,vgg16,Good,0.940194,0.059806,outputs/checkpoints/best_vgg16_lr0.0001.pth,0.0001,sgxudag7,4,0.8307692307692308
p7_img9,data/raw/p7_img9.png,VGG16,vgg16,Good,0.913318,0.086682,outputs/checkpoints/best_vgg16_lr0.0001.pth,0.0001,sgxudag7,4,0.8307692307692308
p8_img0,data/raw/p8_img0.png,VGG16,vgg16,Good,0.640512,0.359488,outputs/checkpoints/best_vgg16_lr0.0001.pth,0.0001,sgxudag7,4,0.8307692307692308
p8_img1,data/raw/p8_img1.png,VGG16,vgg16,Good,0.68837,0.31163,outputs/checkpoints/best_vgg16_lr0.0001.pth,0.0001,sgxudag7,4,0.8307692307692308
p8_img10,data/raw/p8_img10.png,VGG16,vgg16,Good,0.875455,0.124545,outputs/checkpoints/best_vgg16_lr0.0001.pth,0.0001,sgxudag7,4,0.8307692307692308
p8_img11,data/raw/p8_img11.png,VGG16,vgg16,Good,0.94205,0.05795,outputs/checkpoints/best_vgg16_lr0.0001.pth,0.0001,sgxudag7,4,0.8307692307692308
p8_img12,data/raw/p8_img12.png,VGG16,vgg16,Good,0.812817,0.187183,outputs/checkpoints/best_vgg16_lr0.0001.pth,0.0001,sgxudag7,4,0.8307692307692308
p8_img13,data/raw/p8_img13.png,VGG16,vgg16,Good,0.921122,0.078878,outputs/checkpoints/best_vgg16_lr0.0001.pth,0.0001,sgxudag7,4,0.8307692307692308
p8_img14,data/raw/p8_img14.png,VGG16,vgg16,Good,0.907032,0.092968,outputs/checkpoints/best_vgg16_lr0.0001.pth,0.0001,sgxudag7,4,0.8307692307692308
p8_img15,data/raw/p8_img15.png,VGG16,vgg16,Good,0.92078,0.07922,outputs/checkpoints/best_vgg16_lr0.0001.pth,0.0001,sgxudag7,4,0.8307692307692308
p8_img16,data/raw/p8_img16.png,VGG16,vgg16,Good,0.90675,0.09325,outputs/checkpoints/best_vgg16_lr0.0001.pth,0.0001,sgxudag7,4,0.8307692307692308
p8_img17,data/raw/p8_img17.png,VGG16,vgg16,Good,0.955045,0.044955,outputs/checkpoints/best_vgg16_lr0.0001.pth,0.0001,sgxudag7,4,0.8307692307692308
p8_img18,data/raw/p8_img18.png,VGG16,vgg16,Good,0.674266,0.325734,outputs/checkpoints/best_vgg16_lr0.0001.pth,0.0001,sgxudag7,4,0.8307692307692308
p8_img19,data/raw/p8_img19.png,VGG16,vgg16,Good,0.951333,0.048667,outputs/checkpoints/best_vgg16_lr0.0001.pth,0.0001,sgxudag7,4,0.8307692307692308
p8_img2,data/raw/p8_img2.png,VGG16,vgg16,Good,0.923255,0.076745,outputs/checkpoints/best_vgg16_lr0.0001.pth,0.0001,sgxudag7,4,0.8307692307692308
p8_img20,data/raw/p8_img20.png,VGG16,vgg16,Good,0.944122,0.055878,outputs/checkpoints/best_vgg16_lr0.0001.pth,0.0001,sgxudag7,4,0.8307692307692308
p8_img21,data/raw/p8_img21.png,VGG16,vgg16,Good,0.972361,0.027639,outputs/checkpoints/best_vgg16_lr0.0001.pth,0.0001,sgxudag7,4,0.8307692307692308
p8_img22,data/raw/p8_img22.png,VGG16,vgg16,Good,0.75882,0.24118,outputs/checkpoints/best_vgg16_lr0.0001.pth,0.0001,sgxudag7,4,0.8307692307692308
p8_img23,data/raw/p8_img23.png,VGG16,vgg16,Good,0.896487,0.103513,outputs/checkpoints/best_vgg16_lr0.0001.pth,0.0001,sgxudag7,4,0.8307692307692308
p8_img24,data/raw/p8_img24.png,VGG16,vgg16,Good,0.85265,0.14735,outputs/checkpoints/best_vgg16_lr0.0001.pth,0.0001,sgxudag7,4,0.8307692307692308
p8_img25,data/raw/p8_img25.png,VGG16,vgg16,Good,0.884238,0.115762,outputs/checkpoints/best_vgg16_lr0.0001.pth,0.0001,sgxudag7,4,0.8307692307692308
p8_img26,data/raw/p8_img26.png,VGG16,vgg16,Good,0.895786,0.104214,outputs/checkpoints/best_vgg16_lr0.0001.pth,0.0001,sgxudag7,4,0.8307692307692308
p8_img27,data/raw/p8_img27.png,VGG16,vgg16,Good,0.886017,0.113983,outputs/checkpoints/best_vgg16_lr0.0001.pth,0.0001,sgxudag7,4,0.8307692307692308
p8_img28,data/raw/p8_img28.png,VGG16,vgg16,Good,0.586183,0.413817,outputs/checkpoints/best_vgg16_lr0.0001.pth,0.0001,sgxudag7,4,0.8307692307692308
p8_img29,data/raw/p8_img29.png,VGG16,vgg16,Good,0.907678,0.092322,outputs/checkpoints/best_vgg16_lr0.0001.pth,0.0001,sgxudag7,4,0.8307692307692308
p8_img3,data/raw/p8_img3.png,VGG16,vgg16,Good,0.907371,0.092629,outputs/checkpoints/best_vgg16_lr0.0001.pth,0.0001,sgxudag7,4,0.8307692307692308
p8_img4,data/raw/p8_img4.png,VGG16,vgg16,Good,0.826837,0.173163,outputs/checkpoints/best_vgg16_lr0.0001.pth,0.0001,sgxudag7,4,0.8307692307692308
p8_img5,data/raw/p8_img5.png,VGG16,vgg16,Good,0.946439,0.053561,outputs/checkpoints/best_vgg16_lr0.0001.pth,0.0001,sgxudag7,4,0.8307692307692308
p8_img6,data/raw/p8_img6.png,VGG16,vgg16,Good,0.899176,0.100824,outputs/checkpoints/best_vgg16_lr0.0001.pth,0.0001,sgxudag7,4,0.8307692307692308
p8_img7,data/raw/p8_img7.png,VGG16,vgg16,Good,0.914515,0.085485,outputs/checkpoints/best_vgg16_lr0.0001.pth,0.0001,sgxudag7,4,0.8307692307692308
p8_img8,data/raw/p8_img8.png,VGG16,vgg16,Good,0.935907,0.064093,outputs/checkpoints/best_vgg16_lr0.0001.pth,0.0001,sgxudag7,4,0.8307692307692308
p8_img9,data/raw/p8_img9.png,VGG16,vgg16,Good,0.828957,0.171043,outputs/checkpoints/best_vgg16_lr0.0001.pth,0.0001,sgxudag7,4,0.8307692307692308
p9_img0,data/raw/p9_img0.png,VGG16,vgg16,Good,0.592345,0.407655,outputs/checkpoints/best_vgg16_lr0.0001.pth,0.0001,sgxudag7,4,0.8307692307692308
p9_img1,data/raw/p9_img1.png,VGG16,vgg16,Bad,0.463951,0.536049,outputs/checkpoints/best_vgg16_lr0.0001.pth,0.0001,sgxudag7,4,0.8307692307692308
p9_img10,data/raw/p9_img10.png,VGG16,vgg16,Good,0.633292,0.366708,outputs/checkpoints/best_vgg16_lr0.0001.pth,0.0001,sgxudag7,4,0.8307692307692308
p9_img11,data/raw/p9_img11.png,VGG16,vgg16,Bad,0.465183,0.534817,outputs/checkpoints/best_vgg16_lr0.0001.pth,0.0001,sgxudag7,4,0.8307692307692308
p9_img12,data/raw/p9_img12.png,VGG16,vgg16,Bad,0.490513,0.509487,outputs/checkpoints/best_vgg16_lr0.0001.pth,0.0001,sgxudag7,4,0.8307692307692308
p9_img13,data/raw/p9_img13.png,VGG16,vgg16,Good,0.741554,0.258446,outputs/checkpoints/best_vgg16_lr0.0001.pth,0.0001,sgxudag7,4,0.8307692307692308
p9_img14,data/raw/p9_img14.png,VGG16,vgg16,Bad,0.460636,0.539364,outputs/checkpoints/best_vgg16_lr0.0001.pth,0.0001,sgxudag7,4,0.8307692307692308
p9_img15,data/raw/p9_img15.png,VGG16,vgg16,Bad,0.234248,0.765752,outputs/checkpoints/best_vgg16_lr0.0001.pth,0.0001,sgxudag7,4,0.8307692307692308
p9_img16,data/raw/p9_img16.png,VGG16,vgg16,Bad,0.464004,0.535996,outputs/checkpoints/best_vgg16_lr0.0001.pth,0.0001,sgxudag7,4,0.8307692307692308
p9_img17,data/raw/p9_img17.png,VGG16,vgg16,Bad,0.493736,0.506264,outputs/checkpoints/best_vgg16_lr0.0001.pth,0.0001,sgxudag7,4,0.8307692307692308
p9_img18,data/raw/p9_img18.png,VGG16,vgg16,Good,0.605931,0.394069,outputs/checkpoints/best_vgg16_lr0.0001.pth,0.0001,sgxudag7,4,0.8307692307692308
p9_img19,data/raw/p9_img19.png,VGG16,vgg16,Bad,0.422447,0.577553,outputs/checkpoints/best_vgg16_lr0.0001.pth,0.0001,sgxudag7,4,0.8307692307692308
p9_img2,data/raw/p9_img2.png,VGG16,vgg16,Bad,0.438996,0.561004,outputs/checkpoints/best_vgg16_lr0.0001.pth,0.0001,sgxudag7,4,0.8307692307692308
p9_img20,data/raw/p9_img20.png,VGG16,vgg16,Bad,0.471957,0.528043,outputs/checkpoints/best_vgg16_lr0.0001.pth,0.0001,sgxudag7,4,0.8307692307692308
p9_img21,data/raw/p9_img21.png,VGG16,vgg16,Good,0.602911,0.397089,outputs/checkpoints/best_vgg16_lr0.0001.pth,0.0001,sgxudag7,4,0.8307692307692308
p9_img22,data/raw/p9_img22.png,VGG16,vgg16,Good,0.568572,0.431428,outputs/checkpoints/best_vgg16_lr0.0001.pth,0.0001,sgxudag7,4,0.8307692307692308
p9_img23,data/raw/p9_img23.png,VGG16,vgg16,Bad,0.498992,0.501008,outputs/checkpoints/best_vgg16_lr0.0001.pth,0.0001,sgxudag7,4,0.8307692307692308
p9_img24,data/raw/p9_img24.png,VGG16,vgg16,Good,0.716978,0.283022,outputs/checkpoints/best_vgg16_lr0.0001.pth,0.0001,sgxudag7,4,0.8307692307692308
p9_img25,data/raw/p9_img25.png,VGG16,vgg16,Bad,0.492711,0.507289,outputs/checkpoints/best_vgg16_lr0.0001.pth,0.0001,sgxudag7,4,0.8307692307692308
p9_img26,data/raw/p9_img26.png,VGG16,vgg16,Good,0.600903,0.399097,outputs/checkpoints/best_vgg16_lr0.0001.pth,0.0001,sgxudag7,4,0.8307692307692308
p9_img27,data/raw/p9_img27.png,VGG16,vgg16,Bad,0.470141,0.529859,outputs/checkpoints/best_vgg16_lr0.0001.pth,0.0001,sgxudag7,4,0.8307692307692308
p9_img28,data/raw/p9_img28.png,VGG16,vgg16,Bad,0.355964,0.644036,outputs/checkpoints/best_vgg16_lr0.0001.pth,0.0001,sgxudag7,4,0.8307692307692308
p9_img29,data/raw/p9_img29.png,VGG16,vgg16,Good,0.580822,0.419178,outputs/checkpoints/best_vgg16_lr0.0001.pth,0.0001,sgxudag7,4,0.8307692307692308
p9_img3,data/raw/p9_img3.png,VGG16,vgg16,Bad,0.444196,0.555804,outputs/checkpoints/best_vgg16_lr0.0001.pth,0.0001,sgxudag7,4,0.8307692307692308
p9_img4,data/raw/p9_img4.png,VGG16,vgg16,Bad,0.455626,0.544374,outputs/checkpoints/best_vgg16_lr0.0001.pth,0.0001,sgxudag7,4,0.8307692307692308
p9_img5,data/raw/p9_img5.png,VGG16,vgg16,Good,0.679209,0.320791,outputs/checkpoints/best_vgg16_lr0.0001.pth,0.0001,sgxudag7,4,0.8307692307692308
p9_img6,data/raw/p9_img6.png,VGG16,vgg16,Bad,0.470345,0.529655,outputs/checkpoints/best_vgg16_lr0.0001.pth,0.0001,sgxudag7,4,0.8307692307692308
p9_img7,data/raw/p9_img7.png,VGG16,vgg16,Good,0.620126,0.379874,outputs/checkpoints/best_vgg16_lr0.0001.pth,0.0001,sgxudag7,4,0.8307692307692308
p9_img8,data/raw/p9_img8.png,VGG16,vgg16,Good,0.72491,0.27509,outputs/checkpoints/best_vgg16_lr0.0001.pth,0.0001,sgxudag7,4,0.8307692307692308
p9_img9,data/raw/p9_img9.png,VGG16,vgg16,Good,0.735756,0.264244,outputs/checkpoints/best_vgg16_lr0.0001.pth,0.0001,sgxudag7,4,0.8307692307692308
p0_img0,data/raw/p0_img0.png,ResNet18,resnet18,Good,0.922776,0.077224,outputs/checkpoints/best_resnet18_lr0.001.pth,0.001,6d6u2kul,17,0.8111888111888111
p0_img1,data/raw/p0_img1.png,ResNet18,resnet18,Bad,0.372425,0.627575,outputs/checkpoints/best_resnet18_lr0.001.pth,0.001,6d6u2kul,17,0.8111888111888111
p0_img10,data/raw/p0_img10.png,ResNet18,resnet18,Good,0.900748,0.099252,outputs/checkpoints/best_resnet18_lr0.001.pth,0.001,6d6u2kul,17,0.8111888111888111
p0_img11,data/raw/p0_img11.png,ResNet18,resnet18,Good,0.95495,0.04505,outputs/checkpoints/best_resnet18_lr0.001.pth,0.001,6d6u2kul,17,0.8111888111888111
p0_img12,data/raw/p0_img12.png,ResNet18,resnet18,Good,0.971365,0.028635,outputs/checkpoints/best_resnet18_lr0.001.pth,0.001,6d6u2kul,17,0.8111888111888111
p0_img13,data/raw/p0_img13.png,ResNet18,resnet18,Good,0.951495,0.048505,outputs/checkpoints/best_resnet18_lr0.001.pth,0.001,6d6u2kul,17,0.8111888111888111
p0_img14,data/raw/p0_img14.png,ResNet18,resnet18,Good,0.952984,0.047016,outputs/checkpoints/best_resnet18_lr0.001.pth,0.001,6d6u2kul,17,0.8111888111888111
p0_img15,data/raw/p0_img15.png,ResNet18,resnet18,Good,0.985454,0.014546,outputs/checkpoints/best_resnet18_lr0.001.pth,0.001,6d6u2kul,17,0.8111888111888111
p0_img16,data/raw/p0_img16.png,ResNet18,resnet18,Good,0.999036,0.000964,outputs/checkpoints/best_resnet18_lr0.001.pth,0.001,6d6u2kul,17,0.8111888111888111
p0_img17,data/raw/p0_img17.png,ResNet18,resnet18,Good,0.975229,0.024771,outputs/checkpoints/best_resnet18_lr0.001.pth,0.001,6d6u2kul,17,0.8111888111888111
p0_img18,data/raw/p0_img18.png,ResNet18,resnet18,Good,0.9113,0.0887,outputs/checkpoints/best_resnet18_lr0.001.pth,0.001,6d6u2kul,17,0.8111888111888111
p0_img19,data/raw/p0_img19.png,ResNet18,resnet18,Good,0.983849,0.016151,outputs/checkpoints/best_resnet18_lr0.001.pth,0.001,6d6u2kul,17,0.8111888111888111
p0_img2,data/raw/p0_img2.png,ResNet18,resnet18,Good,0.981845,0.018155,outputs/checkpoints/best_resnet18_lr0.001.pth,0.001,6d6u2kul,17,0.8111888111888111
p0_img20,data/raw/p0_img20.png,ResNet18,resnet18,Good,0.981878,0.018122,outputs/checkpoints/best_resnet18_lr0.001.pth,0.001,6d6u2kul,17,0.8111888111888111
p0_img21,data/raw/p0_img21.png,ResNet18,resnet18,Good,0.957054,0.042946,outputs/checkpoints/best_resnet18_lr0.001.pth,0.001,6d6u2kul,17,0.8111888111888111
p0_img22,data/raw/p0_img22.png,ResNet18,resnet18,Good,0.962589,0.037411,outputs/checkpoints/best_resnet18_lr0.001.pth,0.001,6d6u2kul,17,0.8111888111888111
p0_img23,data/raw/p0_img23.png,ResNet18,resnet18,Good,0.908667,0.091333,outputs/checkpoints/best_resnet18_lr0.001.pth,0.001,6d6u2kul,17,0.8111888111888111
p0_img24,data/raw/p0_img24.png,ResNet18,resnet18,Bad,0.319995,0.680005,outputs/checkpoints/best_resnet18_lr0.001.pth,0.001,6d6u2kul,17,0.8111888111888111
p0_img25,data/raw/p0_img25.png,ResNet18,resnet18,Good,0.961332,0.038668,outputs/checkpoints/best_resnet18_lr0.001.pth,0.001,6d6u2kul,17,0.8111888111888111
p0_img26,data/raw/p0_img26.png,ResNet18,resnet18,Good,0.847881,0.152119,outputs/checkpoints/best_resnet18_lr0.001.pth,0.001,6d6u2kul,17,0.8111888111888111
p0_img27,data/raw/p0_img27.png,ResNet18,resnet18,Good,0.864094,0.135906,outputs/checkpoints/best_resnet18_lr0.001.pth,0.001,6d6u2kul,17,0.8111888111888111
p0_img28,data/raw/p0_img28.png,ResNet18,resnet18,Good,0.946476,0.053524,outputs/checkpoints/best_resnet18_lr0.001.pth,0.001,6d6u2kul,17,0.8111888111888111
p0_img29,data/raw/p0_img29.png,ResNet18,resnet18,Good,0.970896,0.029104,outputs/checkpoints/best_resnet18_lr0.001.pth,0.001,6d6u2kul,17,0.8111888111888111
p0_img3,data/raw/p0_img3.png,ResNet18,resnet18,Good,0.985,0.015,outputs/checkpoints/best_resnet18_lr0.001.pth,0.001,6d6u2kul,17,0.8111888111888111
p0_img4,data/raw/p0_img4.png,ResNet18,resnet18,Good,0.903423,0.096576,outputs/checkpoints/best_resnet18_lr0.001.pth,0.001,6d6u2kul,17,0.8111888111888111
p0_img5,data/raw/p0_img5.png,ResNet18,resnet18,Good,0.999507,0.000493,outputs/checkpoints/best_resnet18_lr0.001.pth,0.001,6d6u2kul,17,0.8111888111888111
p0_img6,data/raw/p0_img6.png,ResNet18,resnet18,Good,0.997269,0.002731,outputs/checkpoints/best_resnet18_lr0.001.pth,0.001,6d6u2kul,17,0.8111888111888111
p0_img7,data/raw/p0_img7.png,ResNet18,resnet18,Good,0.957755,0.042245,outputs/checkpoints/best_resnet18_lr0.001.pth,0.001,6d6u2kul,17,0.8111888111888111
p0_img8,data/raw/p0_img8.png,ResNet18,resnet18,Good,0.989608,0.010392,outputs/checkpoints/best_resnet18_lr0.001.pth,0.001,6d6u2kul,17,0.8111888111888111
p0_img9,data/raw/p0_img9.png,ResNet18,resnet18,Good,0.996319,0.003681,outputs/checkpoints/best_resnet18_lr0.001.pth,0.001,6d6u2kul,17,0.8111888111888111
p0_seed0,data/raw/p0_seed0.jpg,ResNet18,resnet18,Good,0.98752,0.01248,outputs/checkpoints/best_resnet18_lr0.001.pth,0.001,6d6u2kul,17,0.8111888111888111
p0_seed1,data/raw/p0_seed1.jpg,ResNet18,resnet18,Good,0.993451,0.006549,outputs/checkpoints/best_resnet18_lr0.001.pth,0.001,6d6u2kul,17,0.8111888111888111
p0_seed10,data/raw/p0_seed10.jpg,ResNet18,resnet18,Good,0.999377,0.000623,outputs/checkpoints/best_resnet18_lr0.001.pth,0.001,6d6u2kul,17,0.8111888111888111
p0_seed11,data/raw/p0_seed11.jpg,ResNet18,resnet18,Good,0.59189,0.40811,outputs/checkpoints/best_resnet18_lr0.001.pth,0.001,6d6u2kul,17,0.8111888111888111
p0_seed12,data/raw/p0_seed12.jpg,ResNet18,resnet18,Good,0.592924,0.407076,outputs/checkpoints/best_resnet18_lr0.001.pth,0.001,6d6u2kul,17,0.8111888111888111
p0_seed13,data/raw/p0_seed13.jpg,ResNet18,resnet18,Good,0.980962,0.019038,outputs/checkpoints/best_resnet18_lr0.001.pth,0.001,6d6u2kul,17,0.8111888111888111
p0_seed14,data/raw/p0_seed14.jpg,ResNet18,resnet18,Good,0.994467,0.005533,outputs/checkpoints/best_resnet18_lr0.001.pth,0.001,6d6u2kul,17,0.8111888111888111
p0_seed15,data/raw/p0_seed15.jpg,ResNet18,resnet18,Good,0.681659,0.318341,outputs/checkpoints/best_resnet18_lr0.001.pth,0.001,6d6u2kul,17,0.8111888111888111
p0_seed16,data/raw/p0_seed16.jpg,ResNet18,resnet18,Good,0.890465,0.109535,outputs/checkpoints/best_resnet18_lr0.001.pth,0.001,6d6u2kul,17,0.8111888111888111
p0_seed17,data/raw/p0_seed17.jpg,ResNet18,resnet18,Good,0.551249,0.448751,outputs/checkpoints/best_resnet18_lr0.001.pth,0.001,6d6u2kul,17,0.8111888111888111
p0_seed18,data/raw/p0_seed18.jpg,ResNet18,resnet18,Good,0.701471,0.298529,outputs/checkpoints/best_resnet18_lr0.001.pth,0.001,6d6u2kul,17,0.8111888111888111
p0_seed19,data/raw/p0_seed19.jpg,ResNet18,resnet18,Good,0.999729,0.000271,outputs/checkpoints/best_resnet18_lr0.001.pth,0.001,6d6u2kul,17,0.8111888111888111
p0_seed2,data/raw/p0_seed2.jpg,ResNet18,resnet18,Bad,0.116906,0.883094,outputs/checkpoints/best_resnet18_lr0.001.pth,0.001,6d6u2kul,17,0.8111888111888111
p0_seed20,data/raw/p0_seed20.jpg,ResNet18,resnet18,Good,0.99878,0.00122,outputs/checkpoints/best_resnet18_lr0.001.pth,0.001,6d6u2kul,17,0.8111888111888111
p0_seed21,data/raw/p0_seed21.jpg,ResNet18,resnet18,Bad,0.326282,0.673718,outputs/checkpoints/best_resnet18_lr0.001.pth,0.001,6d6u2kul,17,0.8111888111888111
p0_seed22,data/raw/p0_seed22.jpg,ResNet18,resnet18,Good,0.997732,0.002268,outputs/checkpoints/best_resnet18_lr0.001.pth,0.001,6d6u2kul,17,0.8111888111888111
p0_seed23,data/raw/p0_seed23.jpg,ResNet18,resnet18,Bad,0.281651,0.718349,outputs/checkpoints/best_resnet18_lr0.001.pth,0.001,6d6u2kul,17,0.8111888111888111
p0_seed24,data/raw/p0_seed24.jpg,ResNet18,resnet18,Good,0.994076,0.005924,outputs/checkpoints/best_resnet18_lr0.001.pth,0.001,6d6u2kul,17,0.8111888111888111
p0_seed25,data/raw/p0_seed25.jpg,ResNet18,resnet18,Good,0.981215,0.018785,outputs/checkpoints/best_resnet18_lr0.001.pth,0.001,6d6u2kul,17,0.8111888111888111
p0_seed26,data/raw/p0_seed26.jpg,ResNet18,resnet18,Good,0.679147,0.320853,outputs/checkpoints/best_resnet18_lr0.001.pth,0.001,6d6u2kul,17,0.8111888111888111
p0_seed27,data/raw/p0_seed27.jpg,ResNet18,resnet18,Bad,0.118217,0.881783,outputs/checkpoints/best_resnet18_lr0.001.pth,0.001,6d6u2kul,17,0.8111888111888111
p0_seed28,data/raw/p0_seed28.jpg,ResNet18,resnet18,Good,0.995034,0.004966,outputs/checkpoints/best_resnet18_lr0.001.pth,0.001,6d6u2kul,17,0.8111888111888111
p0_seed29,data/raw/p0_seed29.jpg,ResNet18,resnet18,Good,0.997562,0.002438,outputs/checkpoints/best_resnet18_lr0.001.pth,0.001,6d6u2kul,17,0.8111888111888111
p0_seed3,data/raw/p0_seed3.jpg,ResNet18,resnet18,Bad,0.241848,0.758152,outputs/checkpoints/best_resnet18_lr0.001.pth,0.001,6d6u2kul,17,0.8111888111888111
p0_seed4,data/raw/p0_seed4.jpg,ResNet18,resnet18,Good,0.986697,0.013303,outputs/checkpoints/best_resnet18_lr0.001.pth,0.001,6d6u2kul,17,0.8111888111888111
p0_seed5,data/raw/p0_seed5.jpg,ResNet18,resnet18,Good,0.998396,0.001604,outputs/checkpoints/best_resnet18_lr0.001.pth,0.001,6d6u2kul,17,0.8111888111888111
p0_seed6,data/raw/p0_seed6.jpg,ResNet18,resnet18,Bad,0.382063,0.617937,outputs/checkpoints/best_resnet18_lr0.001.pth,0.001,6d6u2kul,17,0.8111888111888111
p0_seed7,data/raw/p0_seed7.jpg,ResNet18,resnet18,Good,0.65288,0.34712,outputs/checkpoints/best_resnet18_lr0.001.pth,0.001,6d6u2kul,17,0.8111888111888111
p0_seed8,data/raw/p0_seed8.jpg,ResNet18,resnet18,Good,0.939663,0.060337,outputs/checkpoints/best_resnet18_lr0.001.pth,0.001,6d6u2kul,17,0.8111888111888111
p0_seed9,data/raw/p0_seed9.jpg,ResNet18,resnet18,Good,0.924028,0.075972,outputs/checkpoints/best_resnet18_lr0.001.pth,0.001,6d6u2kul,17,0.8111888111888111
p1_img0,data/raw/p1_img0.png,ResNet18,resnet18,Bad,0.489141,0.510859,outputs/checkpoints/best_resnet18_lr0.001.pth,0.001,6d6u2kul,17,0.8111888111888111
p1_img1,data/raw/p1_img1.png,ResNet18,resnet18,Good,0.705253,0.294747,outputs/checkpoints/best_resnet18_lr0.001.pth,0.001,6d6u2kul,17,0.8111888111888111
p1_img10,data/raw/p1_img10.png,ResNet18,resnet18,Good,0.906832,0.093168,outputs/checkpoints/best_resnet18_lr0.001.pth,0.001,6d6u2kul,17,0.8111888111888111
p1_img11,data/raw/p1_img11.png,ResNet18,resnet18,Good,0.86294,0.137059,outputs/checkpoints/best_resnet18_lr0.001.pth,0.001,6d6u2kul,17,0.8111888111888111
p1_img12,data/raw/p1_img12.png,ResNet18,resnet18,Good,0.920202,0.079798,outputs/checkpoints/best_resnet18_lr0.001.pth,0.001,6d6u2kul,17,0.8111888111888111
p1_img13,data/raw/p1_img13.png,ResNet18,resnet18,Good,0.966131,0.033869,outputs/checkpoints/best_resnet18_lr0.001.pth,0.001,6d6u2kul,17,0.8111888111888111
p1_img14,data/raw/p1_img14.png,ResNet18,resnet18,Good,0.924191,0.075809,outputs/checkpoints/best_resnet18_lr0.001.pth,0.001,6d6u2kul,17,0.8111888111888111
p1_img15,data/raw/p1_img15.png,ResNet18,resnet18,Good,0.816055,0.183945,outputs/checkpoints/best_resnet18_lr0.001.pth,0.001,6d6u2kul,17,0.8111888111888111
p1_img16,data/raw/p1_img16.png,ResNet18,resnet18,Good,0.98631,0.01369,outputs/checkpoints/best_resnet18_lr0.001.pth,0.001,6d6u2kul,17,0.8111888111888111
p1_img17,data/raw/p1_img17.png,ResNet18,resnet18,Good,0.759361,0.240639,outputs/checkpoints/best_resnet18_lr0.001.pth,0.001,6d6u2kul,17,0.8111888111888111
p1_img18,data/raw/p1_img18.png,ResNet18,resnet18,Good,0.874274,0.125726,outputs/checkpoints/best_resnet18_lr0.001.pth,0.001,6d6u2kul,17,0.8111888111888111
p1_img19,data/raw/p1_img19.png,ResNet18,resnet18,Good,0.903986,0.096014,outputs/checkpoints/best_resnet18_lr0.001.pth,0.001,6d6u2kul,17,0.8111888111888111
p1_img2,data/raw/p1_img2.png,ResNet18,resnet18,Good,0.842408,0.157592,outputs/checkpoints/best_resnet18_lr0.001.pth,0.001,6d6u2kul,17,0.8111888111888111
p1_img20,data/raw/p1_img20.png,ResNet18,resnet18,Good,0.994886,0.005114,outputs/checkpoints/best_resnet18_lr0.001.pth,0.001,6d6u2kul,17,0.8111888111888111
p1_img21,data/raw/p1_img21.png,ResNet18,resnet18,Good,0.980947,0.019053,outputs/checkpoints/best_resnet18_lr0.001.pth,0.001,6d6u2kul,17,0.8111888111888111
p1_img22,data/raw/p1_img22.png,ResNet18,resnet18,Good,0.970352,0.029648,outputs/checkpoints/best_resnet18_lr0.001.pth,0.001,6d6u2kul,17,0.8111888111888111
p1_img23,data/raw/p1_img23.png,ResNet18,resnet18,Good,0.9228,0.0772,outputs/checkpoints/best_resnet18_lr0.001.pth,0.001,6d6u2kul,17,0.8111888111888111
p1_img24,data/raw/p1_img24.png,ResNet18,resnet18,Good,0.955772,0.044228,outputs/checkpoints/best_resnet18_lr0.001.pth,0.001,6d6u2kul,17,0.8111888111888111
p1_img25,data/raw/p1_img25.png,ResNet18,resnet18,Good,0.776907,0.223093,outputs/checkpoints/best_resnet18_lr0.001.pth,0.001,6d6u2kul,17,0.8111888111888111
p1_img26,data/raw/p1_img26.png,ResNet18,resnet18,Good,0.697756,0.302244,outputs/checkpoints/best_resnet18_lr0.001.pth,0.001,6d6u2kul,17,0.8111888111888111
p1_img27,data/raw/p1_img27.png,ResNet18,resnet18,Bad,0.199202,0.800798,outputs/checkpoints/best_resnet18_lr0.001.pth,0.001,6d6u2kul,17,0.8111888111888111
p1_img28,data/raw/p1_img28.png,ResNet18,resnet18,Good,0.995557,0.004443,outputs/checkpoints/best_resnet18_lr0.001.pth,0.001,6d6u2kul,17,0.8111888111888111
p1_img29,data/raw/p1_img29.png,ResNet18,resnet18,Good,0.657698,0.342302,outputs/checkpoints/best_resnet18_lr0.001.pth,0.001,6d6u2kul,17,0.8111888111888111
p1_img3,data/raw/p1_img3.png,ResNet18,resnet18,Good,0.570821,0.429179,outputs/checkpoints/best_resnet18_lr0.001.pth,0.001,6d6u2kul,17,0.8111888111888111
p1_img4,data/raw/p1_img4.png,ResNet18,resnet18,Good,0.999805,0.000195,outputs/checkpoints/best_resnet18_lr0.001.pth,0.001,6d6u2kul,17,0.8111888111888111
p1_img5,data/raw/p1_img5.png,ResNet18,resnet18,Good,0.627451,0.372549,outputs/checkpoints/best_resnet18_lr0.001.pth,0.001,6d6u2kul,17,0.8111888111888111
p1_img6,data/raw/p1_img6.png,ResNet18,resnet18,Good,0.767338,0.232662,outputs/checkpoints/best_resnet18_lr0.001.pth,0.001,6d6u2kul,17,0.8111888111888111
p1_img7,data/raw/p1_img7.png,ResNet18,resnet18,Good,0.954783,0.045217,outputs/checkpoints/best_resnet18_lr0.001.pth,0.001,6d6u2kul,17,0.8111888111888111
p1_img8,data/raw/p1_img8.png,ResNet18,resnet18,Good,0.980486,0.019514,outputs/checkpoints/best_resnet18_lr0.001.pth,0.001,6d6u2kul,17,0.8111888111888111
p1_img9,data/raw/p1_img9.png,ResNet18,resnet18,Good,0.994985,0.005015,outputs/checkpoints/best_resnet18_lr0.001.pth,0.001,6d6u2kul,17,0.8111888111888111
p1_seed0,data/raw/p1_seed0.jpg,ResNet18,resnet18,Bad,0.259802,0.740198,outputs/checkpoints/best_resnet18_lr0.001.pth,0.001,6d6u2kul,17,0.8111888111888111
p1_seed1,data/raw/p1_seed1.jpg,ResNet18,resnet18,Good,0.970648,0.029352,outputs/checkpoints/best_resnet18_lr0.001.pth,0.001,6d6u2kul,17,0.8111888111888111
p1_seed10,data/raw/p1_seed10.jpg,ResNet18,resnet18,Good,0.677453,0.322547,outputs/checkpoints/best_resnet18_lr0.001.pth,0.001,6d6u2kul,17,0.8111888111888111
p1_seed11,data/raw/p1_seed11.jpg,ResNet18,resnet18,Bad,0.439387,0.560613,outputs/checkpoints/best_resnet18_lr0.001.pth,0.001,6d6u2kul,17,0.8111888111888111
p1_seed12,data/raw/p1_seed12.jpg,ResNet18,resnet18,Bad,0.355776,0.644224,outputs/checkpoints/best_resnet18_lr0.001.pth,0.001,6d6u2kul,17,0.8111888111888111
p1_seed13,data/raw/p1_seed13.jpg,ResNet18,resnet18,Good,0.784586,0.215414,outputs/checkpoints/best_resnet18_lr0.001.pth,0.001,6d6u2kul,17,0.8111888111888111
p1_seed14,data/raw/p1_seed14.jpg,ResNet18,resnet18,Bad,0.285707,0.714293,outputs/checkpoints/best_resnet18_lr0.001.pth,0.001,6d6u2kul,17,0.8111888111888111
p1_seed15,data/raw/p1_seed15.jpg,ResNet18,resnet18,Good,0.50521,0.49479,outputs/checkpoints/best_resnet18_lr0.001.pth,0.001,6d6u2kul,17,0.8111888111888111
p1_seed16,data/raw/p1_seed16.jpg,ResNet18,resnet18,Good,0.632557,0.367443,outputs/checkpoints/best_resnet18_lr0.001.pth,0.001,6d6u2kul,17,0.8111888111888111
p1_seed17,data/raw/p1_seed17.jpg,ResNet18,resnet18,Good,0.987181,0.012819,outputs/checkpoints/best_resnet18_lr0.001.pth,0.001,6d6u2kul,17,0.8111888111888111
p1_seed18,data/raw/p1_seed18.jpg,ResNet18,resnet18,Good,0.903429,0.096571,outputs/checkpoints/best_resnet18_lr0.001.pth,0.001,6d6u2kul,17,0.8111888111888111
p1_seed19,data/raw/p1_seed19.jpg,ResNet18,resnet18,Good,0.943328,0.056672,outputs/checkpoints/best_resnet18_lr0.001.pth,0.001,6d6u2kul,17,0.8111888111888111
p1_seed2,data/raw/p1_seed2.jpg,ResNet18,resnet18,Good,0.688414,0.311586,outputs/checkpoints/best_resnet18_lr0.001.pth,0.001,6d6u2kul,17,0.8111888111888111
p1_seed20,data/raw/p1_seed20.jpg,ResNet18,resnet18,Good,0.690955,0.309045,outputs/checkpoints/best_resnet18_lr0.001.pth,0.001,6d6u2kul,17,0.8111888111888111
p1_seed21,data/raw/p1_seed21.jpg,ResNet18,resnet18,Bad,0.146167,0.853833,outputs/checkpoints/best_resnet18_lr0.001.pth,0.001,6d6u2kul,17,0.8111888111888111
p1_seed22,data/raw/p1_seed22.jpg,ResNet18,resnet18,Good,0.733774,0.266226,outputs/checkpoints/best_resnet18_lr0.001.pth,0.001,6d6u2kul,17,0.8111888111888111
p1_seed23,data/raw/p1_seed23.jpg,ResNet18,resnet18,Good,0.665054,0.334946,outputs/checkpoints/best_resnet18_lr0.001.pth,0.001,6d6u2kul,17,0.8111888111888111
p1_seed24,data/raw/p1_seed24.jpg,ResNet18,resnet18,Bad,0.368903,0.631097,outputs/checkpoints/best_resnet18_lr0.001.pth,0.001,6d6u2kul,17,0.8111888111888111
p1_seed25,data/raw/p1_seed25.jpg,ResNet18,resnet18,Bad,0.374513,0.625487,outputs/checkpoints/best_resnet18_lr0.001.pth,0.001,6d6u2kul,17,0.8111888111888111
p1_seed26,data/raw/p1_seed26.jpg,ResNet18,resnet18,Good,0.935717,0.064283,outputs/checkpoints/best_resnet18_lr0.001.pth,0.001,6d6u2kul,17,0.8111888111888111
p1_seed27,data/raw/p1_seed27.jpg,ResNet18,resnet18,Good,0.96352,0.03648,outputs/checkpoints/best_resnet18_lr0.001.pth,0.001,6d6u2kul,17,0.8111888111888111
p1_seed28,data/raw/p1_seed28.jpg,ResNet18,resnet18,Good,0.979926,0.020074,outputs/checkpoints/best_resnet18_lr0.001.pth,0.001,6d6u2kul,17,0.8111888111888111
p1_seed29,data/raw/p1_seed29.jpg,ResNet18,resnet18,Good,0.759299,0.240701,outputs/checkpoints/best_resnet18_lr0.001.pth,0.001,6d6u2kul,17,0.8111888111888111
p1_seed3,data/raw/p1_seed3.jpg,ResNet18,resnet18,Good,0.71606,0.28394,outputs/checkpoints/best_resnet18_lr0.001.pth,0.001,6d6u2kul,17,0.8111888111888111
p1_seed4,data/raw/p1_seed4.jpg,ResNet18,resnet18,Good,0.693068,0.306932,outputs/checkpoints/best_resnet18_lr0.001.pth,0.001,6d6u2kul,17,0.8111888111888111
p1_seed5,data/raw/p1_seed5.jpg,ResNet18,resnet18,Good,0.968516,0.031484,outputs/checkpoints/best_resnet18_lr0.001.pth,0.001,6d6u2kul,17,0.8111888111888111
p1_seed6,data/raw/p1_seed6.jpg,ResNet18,resnet18,Good,0.61445,0.38555,outputs/checkpoints/best_resnet18_lr0.001.pth,0.001,6d6u2kul,17,0.8111888111888111
p1_seed7,data/raw/p1_seed7.jpg,ResNet18,resnet18,Good,0.889716,0.110284,outputs/checkpoints/best_resnet18_lr0.001.pth,0.001,6d6u2kul,17,0.8111888111888111
p1_seed8,data/raw/p1_seed8.jpg,ResNet18,resnet18,Good,0.528268,0.471732,outputs/checkpoints/best_resnet18_lr0.001.pth,0.001,6d6u2kul,17,0.8111888111888111
p1_seed9,data/raw/p1_seed9.jpg,ResNet18,resnet18,Good,0.90658,0.09342,outputs/checkpoints/best_resnet18_lr0.001.pth,0.001,6d6u2kul,17,0.8111888111888111
p2_img0,data/raw/p2_img0.png,ResNet18,resnet18,Bad,0.469852,0.530148,outputs/checkpoints/best_resnet18_lr0.001.pth,0.001,6d6u2kul,17,0.8111888111888111
p2_img1,data/raw/p2_img1.png,ResNet18,resnet18,Bad,0.462347,0.537653,outputs/checkpoints/best_resnet18_lr0.001.pth,0.001,6d6u2kul,17,0.8111888111888111
p2_img10,data/raw/p2_img10.png,ResNet18,resnet18,Good,0.932898,0.067102,outputs/checkpoints/best_resnet18_lr0.001.pth,0.001,6d6u2kul,17,0.8111888111888111
p2_img11,data/raw/p2_img11.png,ResNet18,resnet18,Good,0.934626,0.065374,outputs/checkpoints/best_resnet18_lr0.001.pth,0.001,6d6u2kul,17,0.8111888111888111
p2_img12,data/raw/p2_img12.png,ResNet18,resnet18,Good,0.988859,0.011141,outputs/checkpoints/best_resnet18_lr0.001.pth,0.001,6d6u2kul,17,0.8111888111888111
p2_img13,data/raw/p2_img13.png,ResNet18,resnet18,Good,0.995205,0.004795,outputs/checkpoints/best_resnet18_lr0.001.pth,0.001,6d6u2kul,17,0.8111888111888111
p2_img14,data/raw/p2_img14.png,ResNet18,resnet18,Good,0.913551,0.086449,outputs/checkpoints/best_resnet18_lr0.001.pth,0.001,6d6u2kul,17,0.8111888111888111
p2_img15,data/raw/p2_img15.png,ResNet18,resnet18,Good,0.509684,0.490316,outputs/checkpoints/best_resnet18_lr0.001.pth,0.001,6d6u2kul,17,0.8111888111888111
p2_img16,data/raw/p2_img16.png,ResNet18,resnet18,Good,0.988993,0.011007,outputs/checkpoints/best_resnet18_lr0.001.pth,0.001,6d6u2kul,17,0.8111888111888111
p2_img17,data/raw/p2_img17.png,ResNet18,resnet18,Good,0.958251,0.041749,outputs/checkpoints/best_resnet18_lr0.001.pth,0.001,6d6u2kul,17,0.8111888111888111
p2_img18,data/raw/p2_img18.png,ResNet18,resnet18,Good,0.979072,0.020928,outputs/checkpoints/best_resnet18_lr0.001.pth,0.001,6d6u2kul,17,0.8111888111888111
p2_img19,data/raw/p2_img19.png,ResNet18,resnet18,Good,0.99876,0.00124,outputs/checkpoints/best_resnet18_lr0.001.pth,0.001,6d6u2kul,17,0.8111888111888111
p2_img2,data/raw/p2_img2.png,ResNet18,resnet18,Good,0.730606,0.269394,outputs/checkpoints/best_resnet18_lr0.001.pth,0.001,6d6u2kul,17,0.8111888111888111
p2_img20,data/raw/p2_img20.png,ResNet18,resnet18,Good,0.981193,0.018807,outputs/checkpoints/best_resnet18_lr0.001.pth,0.001,6d6u2kul,17,0.8111888111888111
p2_img21,data/raw/p2_img21.png,ResNet18,resnet18,Good,0.891209,0.108791,outputs/checkpoints/best_resnet18_lr0.001.pth,0.001,6d6u2kul,17,0.8111888111888111
p2_img22,data/raw/p2_img22.png,ResNet18,resnet18,Good,0.758182,0.241818,outputs/checkpoints/best_resnet18_lr0.001.pth,0.001,6d6u2kul,17,0.8111888111888111
p2_img23,data/raw/p2_img23.png,ResNet18,resnet18,Good,0.997778,0.002222,outputs/checkpoints/best_resnet18_lr0.001.pth,0.001,6d6u2kul,17,0.8111888111888111
p2_img24,data/raw/p2_img24.png,ResNet18,resnet18,Good,0.996367,0.003633,outputs/checkpoints/best_resnet18_lr0.001.pth,0.001,6d6u2kul,17,0.8111888111888111
p2_img25,data/raw/p2_img25.png,ResNet18,resnet18,Good,0.967824,0.032176,outputs/checkpoints/best_resnet18_lr0.001.pth,0.001,6d6u2kul,17,0.8111888111888111
p2_img26,data/raw/p2_img26.png,ResNet18,resnet18,Good,0.852776,0.147224,outputs/checkpoints/best_resnet18_lr0.001.pth,0.001,6d6u2kul,17,0.8111888111888111
p2_img27,data/raw/p2_img27.png,ResNet18,resnet18,Good,0.930029,0.069971,outputs/checkpoints/best_resnet18_lr0.001.pth,0.001,6d6u2kul,17,0.8111888111888111
p2_img28,data/raw/p2_img28.png,ResNet18,resnet18,Good,0.736347,0.263653,outputs/checkpoints/best_resnet18_lr0.001.pth,0.001,6d6u2kul,17,0.8111888111888111
p2_img29,data/raw/p2_img29.png,ResNet18,resnet18,Good,0.930239,0.069761,outputs/checkpoints/best_resnet18_lr0.001.pth,0.001,6d6u2kul,17,0.8111888111888111
p2_img3,data/raw/p2_img3.png,ResNet18,resnet18,Bad,0.475516,0.524484,outputs/checkpoints/best_resnet18_lr0.001.pth,0.001,6d6u2kul,17,0.8111888111888111
p2_img4,data/raw/p2_img4.png,ResNet18,resnet18,Good,0.936869,0.063131,outputs/checkpoints/best_resnet18_lr0.001.pth,0.001,6d6u2kul,17,0.8111888111888111
p2_img5,data/raw/p2_img5.png,ResNet18,resnet18,Good,0.803494,0.196506,outputs/checkpoints/best_resnet18_lr0.001.pth,0.001,6d6u2kul,17,0.8111888111888111
p2_img6,data/raw/p2_img6.png,ResNet18,resnet18,Good,0.873208,0.126792,outputs/checkpoints/best_resnet18_lr0.001.pth,0.001,6d6u2kul,17,0.8111888111888111
p2_img7,data/raw/p2_img7.png,ResNet18,resnet18,Good,0.994901,0.005099,outputs/checkpoints/best_resnet18_lr0.001.pth,0.001,6d6u2kul,17,0.8111888111888111
p2_img8,data/raw/p2_img8.png,ResNet18,resnet18,Good,0.994607,0.005393,outputs/checkpoints/best_resnet18_lr0.001.pth,0.001,6d6u2kul,17,0.8111888111888111
p2_img9,data/raw/p2_img9.png,ResNet18,resnet18,Good,0.935923,0.064077,outputs/checkpoints/best_resnet18_lr0.001.pth,0.001,6d6u2kul,17,0.8111888111888111
p2_seed0,data/raw/p2_seed0.jpg,ResNet18,resnet18,Good,0.994869,0.005131,outputs/checkpoints/best_resnet18_lr0.001.pth,0.001,6d6u2kul,17,0.8111888111888111
p2_seed1,data/raw/p2_seed1.jpg,ResNet18,resnet18,Good,0.966219,0.033781,outputs/checkpoints/best_resnet18_lr0.001.pth,0.001,6d6u2kul,17,0.8111888111888111
p2_seed10,data/raw/p2_seed10.jpg,ResNet18,resnet18,Good,0.999696,0.000304,outputs/checkpoints/best_resnet18_lr0.001.pth,0.001,6d6u2kul,17,0.8111888111888111
p2_seed11,data/raw/p2_seed11.jpg,ResNet18,resnet18,Good,0.978571,0.021429,outputs/checkpoints/best_resnet18_lr0.001.pth,0.001,6d6u2kul,17,0.8111888111888111
p2_seed12,data/raw/p2_seed12.jpg,ResNet18,resnet18,Good,0.991364,0.008636,outputs/checkpoints/best_resnet18_lr0.001.pth,0.001,6d6u2kul,17,0.8111888111888111
p2_seed13,data/raw/p2_seed13.jpg,ResNet18,resnet18,Good,0.99975,0.00025,outputs/checkpoints/best_resnet18_lr0.001.pth,0.001,6d6u2kul,17,0.8111888111888111
p2_seed14,data/raw/p2_seed14.jpg,ResNet18,resnet18,Bad,0.436397,0.563603,outputs/checkpoints/best_resnet18_lr0.001.pth,0.001,6d6u2kul,17,0.8111888111888111
p2_seed15,data/raw/p2_seed15.jpg,ResNet18,resnet18,Good,0.998391,0.001609,outputs/checkpoints/best_resnet18_lr0.001.pth,0.001,6d6u2kul,17,0.8111888111888111
p2_seed16,data/raw/p2_seed16.jpg,ResNet18,resnet18,Good,0.991772,0.008227,outputs/checkpoints/best_resnet18_lr0.001.pth,0.001,6d6u2kul,17,0.8111888111888111
p2_seed17,data/raw/p2_seed17.jpg,ResNet18,resnet18,Good,0.880801,0.119199,outputs/checkpoints/best_resnet18_lr0.001.pth,0.001,6d6u2kul,17,0.8111888111888111
p2_seed18,data/raw/p2_seed18.jpg,ResNet18,resnet18,Bad,0.3884,0.6116,outputs/checkpoints/best_resnet18_lr0.001.pth,0.001,6d6u2kul,17,0.8111888111888111
p2_seed19,data/raw/p2_seed19.jpg,ResNet18,resnet18,Good,0.999709,0.000291,outputs/checkpoints/best_resnet18_lr0.001.pth,0.001,6d6u2kul,17,0.8111888111888111
p2_seed2,data/raw/p2_seed2.jpg,ResNet18,resnet18,Good,0.998271,0.001729,outputs/checkpoints/best_resnet18_lr0.001.pth,0.001,6d6u2kul,17,0.8111888111888111
p2_seed20,data/raw/p2_seed20.jpg,ResNet18,resnet18,Good,0.999791,0.000209,outputs/checkpoints/best_resnet18_lr0.001.pth,0.001,6d6u2kul,17,0.8111888111888111
p2_seed21,data/raw/p2_seed21.jpg,ResNet18,resnet18,Good,0.93727,0.06273,outputs/checkpoints/best_resnet18_lr0.001.pth,0.001,6d6u2kul,17,0.8111888111888111
p2_seed22,data/raw/p2_seed22.jpg,ResNet18,resnet18,Good,0.991892,0.008108,outputs/checkpoints/best_resnet18_lr0.001.pth,0.001,6d6u2kul,17,0.8111888111888111
p2_seed23,data/raw/p2_seed23.jpg,ResNet18,resnet18,Good,0.99901,0.00099,outputs/checkpoints/best_resnet18_lr0.001.pth,0.001,6d6u2kul,17,0.8111888111888111
p2_seed24,data/raw/p2_seed24.jpg,ResNet18,resnet18,Good,0.998073,0.001927,outputs/checkpoints/best_resnet18_lr0.001.pth,0.001,6d6u2kul,17,0.8111888111888111
p2_seed25,data/raw/p2_seed25.jpg,ResNet18,resnet18,Good,0.983068,0.016932,outputs/checkpoints/best_resnet18_lr0.001.pth,0.001,6d6u2kul,17,0.8111888111888111
p2_seed26,data/raw/p2_seed26.jpg,ResNet18,resnet18,Good,0.991511,0.00849,outputs/checkpoints/best_resnet18_lr0.001.pth,0.001,6d6u2kul,17,0.8111888111888111
p2_seed27,data/raw/p2_seed27.jpg,ResNet18,resnet18,Good,0.99782,0.002181,outputs/checkpoints/best_resnet18_lr0.001.pth,0.001,6d6u2kul,17,0.8111888111888111
p2_seed28,data/raw/p2_seed28.jpg,ResNet18,resnet18,Good,0.99614,0.00386,outputs/checkpoints/best_resnet18_lr0.001.pth,0.001,6d6u2kul,17,0.8111888111888111
p2_seed29,data/raw/p2_seed29.jpg,ResNet18,resnet18,Good,0.996219,0.003781,outputs/checkpoints/best_resnet18_lr0.001.pth,0.001,6d6u2kul,17,0.8111888111888111
p2_seed3,data/raw/p2_seed3.jpg,ResNet18,resnet18,Good,0.726951,0.273049,outputs/checkpoints/best_resnet18_lr0.001.pth,0.001,6d6u2kul,17,0.8111888111888111
p2_seed4,data/raw/p2_seed4.jpg,ResNet18,resnet18,Good,0.99837,0.00163,outputs/checkpoints/best_resnet18_lr0.001.pth,0.001,6d6u2kul,17,0.8111888111888111
p2_seed5,data/raw/p2_seed5.jpg,ResNet18,resnet18,Good,0.998368,0.001632,outputs/checkpoints/best_resnet18_lr0.001.pth,0.001,6d6u2kul,17,0.8111888111888111
p2_seed6,data/raw/p2_seed6.jpg,ResNet18,resnet18,Good,0.921045,0.078955,outputs/checkpoints/best_resnet18_lr0.001.pth,0.001,6d6u2kul,17,0.8111888111888111
p2_seed7,data/raw/p2_seed7.jpg,ResNet18,resnet18,Good,0.996463,0.003537,outputs/checkpoints/best_resnet18_lr0.001.pth,0.001,6d6u2kul,17,0.8111888111888111
p2_seed8,data/raw/p2_seed8.jpg,ResNet18,resnet18,Good,0.999618,0.000382,outputs/checkpoints/best_resnet18_lr0.001.pth,0.001,6d6u2kul,17,0.8111888111888111
p2_seed9,data/raw/p2_seed9.jpg,ResNet18,resnet18,Good,0.998128,0.001872,outputs/checkpoints/best_resnet18_lr0.001.pth,0.001,6d6u2kul,17,0.8111888111888111
p3_img0,data/raw/p3_img0.png,ResNet18,resnet18,Good,0.804085,0.195915,outputs/checkpoints/best_resnet18_lr0.001.pth,0.001,6d6u2kul,17,0.8111888111888111
p3_img1,data/raw/p3_img1.png,ResNet18,resnet18,Bad,0.437526,0.562474,outputs/checkpoints/best_resnet18_lr0.001.pth,0.001,6d6u2kul,17,0.8111888111888111
p3_img10,data/raw/p3_img10.png,ResNet18,resnet18,Good,0.558218,0.441782,outputs/checkpoints/best_resnet18_lr0.001.pth,0.001,6d6u2kul,17,0.8111888111888111
p3_img11,data/raw/p3_img11.png,ResNet18,resnet18,Good,0.596204,0.403797,outputs/checkpoints/best_resnet18_lr0.001.pth,0.001,6d6u2kul,17,0.8111888111888111
p3_img12,data/raw/p3_img12.png,ResNet18,resnet18,Good,0.525207,0.474793,outputs/checkpoints/best_resnet18_lr0.001.pth,0.001,6d6u2kul,17,0.8111888111888111
p3_img13,data/raw/p3_img13.png,ResNet18,resnet18,Good,0.946776,0.053224,outputs/checkpoints/best_resnet18_lr0.001.pth,0.001,6d6u2kul,17,0.8111888111888111
p3_img14,data/raw/p3_img14.png,ResNet18,resnet18,Good,0.639906,0.360094,outputs/checkpoints/best_resnet18_lr0.001.pth,0.001,6d6u2kul,17,0.8111888111888111
p3_img15,data/raw/p3_img15.png,ResNet18,resnet18,Good,0.978849,0.021151,outputs/checkpoints/best_resnet18_lr0.001.pth,0.001,6d6u2kul,17,0.8111888111888111
p3_img16,data/raw/p3_img16.png,ResNet18,resnet18,Good,0.892374,0.107626,outputs/checkpoints/best_resnet18_lr0.001.pth,0.001,6d6u2kul,17,0.8111888111888111
p3_img17,data/raw/p3_img17.png,ResNet18,resnet18,Good,0.892786,0.107214,outputs/checkpoints/best_resnet18_lr0.001.pth,0.001,6d6u2kul,17,0.8111888111888111
p3_img18,data/raw/p3_img18.png,ResNet18,resnet18,Good,0.866543,0.133457,outputs/checkpoints/best_resnet18_lr0.001.pth,0.001,6d6u2kul,17,0.8111888111888111
p3_img19,data/raw/p3_img19.png,ResNet18,resnet18,Good,0.604066,0.395934,outputs/checkpoints/best_resnet18_lr0.001.pth,0.001,6d6u2kul,17,0.8111888111888111
p3_img2,data/raw/p3_img2.png,ResNet18,resnet18,Good,0.653576,0.346424,outputs/checkpoints/best_resnet18_lr0.001.pth,0.001,6d6u2kul,17,0.8111888111888111
p3_img20,data/raw/p3_img20.png,ResNet18,resnet18,Bad,0.45157,0.54843,outputs/checkpoints/best_resnet18_lr0.001.pth,0.001,6d6u2kul,17,0.8111888111888111
p3_img21,data/raw/p3_img21.png,ResNet18,resnet18,Good,0.984252,0.015748,outputs/checkpoints/best_resnet18_lr0.001.pth,0.001,6d6u2kul,17,0.8111888111888111
p3_img22,data/raw/p3_img22.png,ResNet18,resnet18,Good,0.858138,0.141862,outputs/checkpoints/best_resnet18_lr0.001.pth,0.001,6d6u2kul,17,0.8111888111888111
p3_img23,data/raw/p3_img23.png,ResNet18,resnet18,Good,0.858652,0.141348,outputs/checkpoints/best_resnet18_lr0.001.pth,0.001,6d6u2kul,17,0.8111888111888111
p3_img24,data/raw/p3_img24.png,ResNet18,resnet18,Good,0.994693,0.005307,outputs/checkpoints/best_resnet18_lr0.001.pth,0.001,6d6u2kul,17,0.8111888111888111
p3_img25,data/raw/p3_img25.png,ResNet18,resnet18,Good,0.995883,0.004117,outputs/checkpoints/best_resnet18_lr0.001.pth,0.001,6d6u2kul,17,0.8111888111888111
p3_img26,data/raw/p3_img26.png,ResNet18,resnet18,Good,0.939308,0.060692,outputs/checkpoints/best_resnet18_lr0.001.pth,0.001,6d6u2kul,17,0.8111888111888111
p3_img27,data/raw/p3_img27.png,ResNet18,resnet18,Good,0.837865,0.162135,outputs/checkpoints/best_resnet18_lr0.001.pth,0.001,6d6u2kul,17,0.8111888111888111
p3_img28,data/raw/p3_img28.png,ResNet18,resnet18,Good,0.842326,0.157674,outputs/checkpoints/best_resnet18_lr0.001.pth,0.001,6d6u2kul,17,0.8111888111888111
p3_img29,data/raw/p3_img29.png,ResNet18,resnet18,Good,0.95785,0.04215,outputs/checkpoints/best_resnet18_lr0.001.pth,0.001,6d6u2kul,17,0.8111888111888111
p3_img3,data/raw/p3_img3.png,ResNet18,resnet18,Bad,0.39656,0.60344,outputs/checkpoints/best_resnet18_lr0.001.pth,0.001,6d6u2kul,17,0.8111888111888111
p3_img4,data/raw/p3_img4.png,ResNet18,resnet18,Good,0.697639,0.302361,outputs/checkpoints/best_resnet18_lr0.001.pth,0.001,6d6u2kul,17,0.8111888111888111
p3_img5,data/raw/p3_img5.png,ResNet18,resnet18,Good,0.978968,0.021032,outputs/checkpoints/best_resnet18_lr0.001.pth,0.001,6d6u2kul,17,0.8111888111888111
p3_img6,data/raw/p3_img6.png,ResNet18,resnet18,Good,0.998154,0.001846,outputs/checkpoints/best_resnet18_lr0.001.pth,0.001,6d6u2kul,17,0.8111888111888111
p3_img7,data/raw/p3_img7.png,ResNet18,resnet18,Good,0.965048,0.034952,outputs/checkpoints/best_resnet18_lr0.001.pth,0.001,6d6u2kul,17,0.8111888111888111
p3_img8,data/raw/p3_img8.png,ResNet18,resnet18,Good,0.988472,0.011528,outputs/checkpoints/best_resnet18_lr0.001.pth,0.001,6d6u2kul,17,0.8111888111888111
p3_img9,data/raw/p3_img9.png,ResNet18,resnet18,Good,0.810923,0.189077,outputs/checkpoints/best_resnet18_lr0.001.pth,0.001,6d6u2kul,17,0.8111888111888111
p3_seed0,data/raw/p3_seed0.jpg,ResNet18,resnet18,Good,0.684408,0.315592,outputs/checkpoints/best_resnet18_lr0.001.pth,0.001,6d6u2kul,17,0.8111888111888111
p3_seed1,data/raw/p3_seed1.jpg,ResNet18,resnet18,Good,0.789055,0.210945,outputs/checkpoints/best_resnet18_lr0.001.pth,0.001,6d6u2kul,17,0.8111888111888111
p3_seed10,data/raw/p3_seed10.jpg,ResNet18,resnet18,Good,0.997195,0.002805,outputs/checkpoints/best_resnet18_lr0.001.pth,0.001,6d6u2kul,17,0.8111888111888111
p3_seed11,data/raw/p3_seed11.jpg,ResNet18,resnet18,Good,0.567373,0.432627,outputs/checkpoints/best_resnet18_lr0.001.pth,0.001,6d6u2kul,17,0.8111888111888111
p3_seed12,data/raw/p3_seed12.jpg,ResNet18,resnet18,Bad,0.085016,0.914984,outputs/checkpoints/best_resnet18_lr0.001.pth,0.001,6d6u2kul,17,0.8111888111888111
p3_seed13,data/raw/p3_seed13.jpg,ResNet18,resnet18,Good,0.912839,0.087161,outputs/checkpoints/best_resnet18_lr0.001.pth,0.001,6d6u2kul,17,0.8111888111888111
p3_seed14,data/raw/p3_seed14.jpg,ResNet18,resnet18,Good,0.779223,0.220777,outputs/checkpoints/best_resnet18_lr0.001.pth,0.001,6d6u2kul,17,0.8111888111888111
p3_seed15,data/raw/p3_seed15.jpg,ResNet18,resnet18,Good,0.55799,0.44201,outputs/checkpoints/best_resnet18_lr0.001.pth,0.001,6d6u2kul,17,0.8111888111888111
p3_seed16,data/raw/p3_seed16.jpg,ResNet18,resnet18,Good,0.993552,0.006448,outputs/checkpoints/best_resnet18_lr0.001.pth,0.001,6d6u2kul,17,0.8111888111888111
p3_seed17,data/raw/p3_seed17.jpg,ResNet18,resnet18,Good,0.982728,0.017272,outputs/checkpoints/best_resnet18_lr0.001.pth,0.001,6d6u2kul,17,0.8111888111888111
p3_seed18,data/raw/p3_seed18.jpg,ResNet18,resnet18,Bad,0.404158,0.595842,outputs/checkpoints/best_resnet18_lr0.001.pth,0.001,6d6u2kul,17,0.8111888111888111
p3_seed19,data/raw/p3_seed19.jpg,ResNet18,resnet18,Bad,0.275576,0.724424,outputs/checkpoints/best_resnet18_lr0.001.pth,0.001,6d6u2kul,17,0.8111888111888111
p3_seed2,data/raw/p3_seed2.jpg,ResNet18,resnet18,Bad,0.098241,0.901759,outputs/checkpoints/best_resnet18_lr0.001.pth,0.001,6d6u2kul,17,0.8111888111888111
p3_seed20,data/raw/p3_seed20.jpg,ResNet18,resnet18,Good,0.998994,0.001006,outputs/checkpoints/best_resnet18_lr0.001.pth,0.001,6d6u2kul,17,0.8111888111888111
p3_seed21,data/raw/p3_seed21.jpg,ResNet18,resnet18,Good,0.692327,0.307673,outputs/checkpoints/best_resnet18_lr0.001.pth,0.001,6d6u2kul,17,0.8111888111888111
p3_seed22,data/raw/p3_seed22.jpg,ResNet18,resnet18,Good,0.92036,0.07964,outputs/checkpoints/best_resnet18_lr0.001.pth,0.001,6d6u2kul,17,0.8111888111888111
p3_seed23,data/raw/p3_seed23.jpg,ResNet18,resnet18,Bad,0.289128,0.710872,outputs/checkpoints/best_resnet18_lr0.001.pth,0.001,6d6u2kul,17,0.8111888111888111
p3_seed24,data/raw/p3_seed24.jpg,ResNet18,resnet18,Good,0.753456,0.246544,outputs/checkpoints/best_resnet18_lr0.001.pth,0.001,6d6u2kul,17,0.8111888111888111
p3_seed25,data/raw/p3_seed25.jpg,ResNet18,resnet18,Good,0.908563,0.091437,outputs/checkpoints/best_resnet18_lr0.001.pth,0.001,6d6u2kul,17,0.8111888111888111
p3_seed26,data/raw/p3_seed26.jpg,ResNet18,resnet18,Good,0.838925,0.161075,outputs/checkpoints/best_resnet18_lr0.001.pth,0.001,6d6u2kul,17,0.8111888111888111
p3_seed27,data/raw/p3_seed27.jpg,ResNet18,resnet18,Bad,0.026183,0.973817,outputs/checkpoints/best_resnet18_lr0.001.pth,0.001,6d6u2kul,17,0.8111888111888111
p3_seed28,data/raw/p3_seed28.jpg,ResNet18,resnet18,Good,0.988203,0.011798,outputs/checkpoints/best_resnet18_lr0.001.pth,0.001,6d6u2kul,17,0.8111888111888111
p3_seed29,data/raw/p3_seed29.jpg,ResNet18,resnet18,Bad,0.264531,0.735469,outputs/checkpoints/best_resnet18_lr0.001.pth,0.001,6d6u2kul,17,0.8111888111888111
p3_seed3,data/raw/p3_seed3.jpg,ResNet18,resnet18,Bad,0.423725,0.576275,outputs/checkpoints/best_resnet18_lr0.001.pth,0.001,6d6u2kul,17,0.8111888111888111
p3_seed4,data/raw/p3_seed4.jpg,ResNet18,resnet18,Good,0.949454,0.050546,outputs/checkpoints/best_resnet18_lr0.001.pth,0.001,6d6u2kul,17,0.8111888111888111
p3_seed5,data/raw/p3_seed5.jpg,ResNet18,resnet18,Good,0.958859,0.041141,outputs/checkpoints/best_resnet18_lr0.001.pth,0.001,6d6u2kul,17,0.8111888111888111
p3_seed6,data/raw/p3_seed6.jpg,ResNet18,resnet18,Good,0.599714,0.400286,outputs/checkpoints/best_resnet18_lr0.001.pth,0.001,6d6u2kul,17,0.8111888111888111
p3_seed7,data/raw/p3_seed7.jpg,ResNet18,resnet18,Good,0.911619,0.088381,outputs/checkpoints/best_resnet18_lr0.001.pth,0.001,6d6u2kul,17,0.8111888111888111
p3_seed8,data/raw/p3_seed8.jpg,ResNet18,resnet18,Good,0.888747,0.111253,outputs/checkpoints/best_resnet18_lr0.001.pth,0.001,6d6u2kul,17,0.8111888111888111
p3_seed9,data/raw/p3_seed9.jpg,ResNet18,resnet18,Bad,0.3512,0.6488,outputs/checkpoints/best_resnet18_lr0.001.pth,0.001,6d6u2kul,17,0.8111888111888111
p4_img0,data/raw/p4_img0.png,ResNet18,resnet18,Good,0.696163,0.303837,outputs/checkpoints/best_resnet18_lr0.001.pth,0.001,6d6u2kul,17,0.8111888111888111
p4_img1,data/raw/p4_img1.png,ResNet18,resnet18,Good,0.891488,0.108512,outputs/checkpoints/best_resnet18_lr0.001.pth,0.001,6d6u2kul,17,0.8111888111888111
p4_img10,data/raw/p4_img10.png,ResNet18,resnet18,Good,0.993827,0.006173,outputs/checkpoints/best_resnet18_lr0.001.pth,0.001,6d6u2kul,17,0.8111888111888111
p4_img11,data/raw/p4_img11.png,ResNet18,resnet18,Good,0.999424,0.000576,outputs/checkpoints/best_resnet18_lr0.001.pth,0.001,6d6u2kul,17,0.8111888111888111
p4_img12,data/raw/p4_img12.png,ResNet18,resnet18,Good,0.995398,0.004602,outputs/checkpoints/best_resnet18_lr0.001.pth,0.001,6d6u2kul,17,0.8111888111888111
p4_img13,data/raw/p4_img13.png,ResNet18,resnet18,Good,0.999441,0.000559,outputs/checkpoints/best_resnet18_lr0.001.pth,0.001,6d6u2kul,17,0.8111888111888111
p4_img14,data/raw/p4_img14.png,ResNet18,resnet18,Good,0.987613,0.012387,outputs/checkpoints/best_resnet18_lr0.001.pth,0.001,6d6u2kul,17,0.8111888111888111
p4_img15,data/raw/p4_img15.png,ResNet18,resnet18,Good,0.99983,0.00017,outputs/checkpoints/best_resnet18_lr0.001.pth,0.001,6d6u2kul,17,0.8111888111888111
p4_img16,data/raw/p4_img16.png,ResNet18,resnet18,Good,0.989955,0.010045,outputs/checkpoints/best_resnet18_lr0.001.pth,0.001,6d6u2kul,17,0.8111888111888111
p4_img17,data/raw/p4_img17.png,ResNet18,resnet18,Good,0.99824,0.00176,outputs/checkpoints/best_resnet18_lr0.001.pth,0.001,6d6u2kul,17,0.8111888111888111
p4_img18,data/raw/p4_img18.png,ResNet18,resnet18,Good,0.976698,0.023302,outputs/checkpoints/best_resnet18_lr0.001.pth,0.001,6d6u2kul,17,0.8111888111888111
p4_img19,data/raw/p4_img19.png,ResNet18,resnet18,Good,0.997162,0.002838,outputs/checkpoints/best_resnet18_lr0.001.pth,0.001,6d6u2kul,17,0.8111888111888111
p4_img2,data/raw/p4_img2.png,ResNet18,resnet18,Good,0.998611,0.001389,outputs/checkpoints/best_resnet18_lr0.001.pth,0.001,6d6u2kul,17,0.8111888111888111
p4_img20,data/raw/p4_img20.png,ResNet18,resnet18,Good,0.980813,0.019187,outputs/checkpoints/best_resnet18_lr0.001.pth,0.001,6d6u2kul,17,0.8111888111888111
p4_img21,data/raw/p4_img21.png,ResNet18,resnet18,Good,0.996117,0.003883,outputs/checkpoints/best_resnet18_lr0.001.pth,0.001,6d6u2kul,17,0.8111888111888111
p4_img22,data/raw/p4_img22.png,ResNet18,resnet18,Good,0.976293,0.023707,outputs/checkpoints/best_resnet18_lr0.001.pth,0.001,6d6u2kul,17,0.8111888111888111
p4_img23,data/raw/p4_img23.png,ResNet18,resnet18,Good,0.995618,0.004382,outputs/checkpoints/best_resnet18_lr0.001.pth,0.001,6d6u2kul,17,0.8111888111888111
p4_img24,data/raw/p4_img24.png,ResNet18,resnet18,Good,0.99883,0.00117,outputs/checkpoints/best_resnet18_lr0.001.pth,0.001,6d6u2kul,17,0.8111888111888111
p4_img25,data/raw/p4_img25.png,ResNet18,resnet18,Good,0.977758,0.022242,outputs/checkpoints/best_resnet18_lr0.001.pth,0.001,6d6u2kul,17,0.8111888111888111
p4_img26,data/raw/p4_img26.png,ResNet18,resnet18,Good,0.995264,0.004736,outputs/checkpoints/best_resnet18_lr0.001.pth,0.001,6d6u2kul,17,0.8111888111888111
p4_img27,data/raw/p4_img27.png,ResNet18,resnet18,Good,0.99472,0.00528,outputs/checkpoints/best_resnet18_lr0.001.pth,0.001,6d6u2kul,17,0.8111888111888111
p4_img28,data/raw/p4_img28.png,ResNet18,resnet18,Good,0.998563,0.001437,outputs/checkpoints/best_resnet18_lr0.001.pth,0.001,6d6u2kul,17,0.8111888111888111
p4_img29,data/raw/p4_img29.png,ResNet18,resnet18,Good,0.987078,0.012922,outputs/checkpoints/best_resnet18_lr0.001.pth,0.001,6d6u2kul,17,0.8111888111888111
p4_img3,data/raw/p4_img3.png,ResNet18,resnet18,Good,0.884324,0.115676,outputs/checkpoints/best_resnet18_lr0.001.pth,0.001,6d6u2kul,17,0.8111888111888111
p4_img4,data/raw/p4_img4.png,ResNet18,resnet18,Good,0.998579,0.001421,outputs/checkpoints/best_resnet18_lr0.001.pth,0.001,6d6u2kul,17,0.8111888111888111
p4_img5,data/raw/p4_img5.png,ResNet18,resnet18,Good,0.983876,0.016124,outputs/checkpoints/best_resnet18_lr0.001.pth,0.001,6d6u2kul,17,0.8111888111888111
p4_img6,data/raw/p4_img6.png,ResNet18,resnet18,Good,0.992266,0.007734,outputs/checkpoints/best_resnet18_lr0.001.pth,0.001,6d6u2kul,17,0.8111888111888111
p4_img7,data/raw/p4_img7.png,ResNet18,resnet18,Good,0.970971,0.029029,outputs/checkpoints/best_resnet18_lr0.001.pth,0.001,6d6u2kul,17,0.8111888111888111
p4_img8,data/raw/p4_img8.png,ResNet18,resnet18,Good,0.985212,0.014788,outputs/checkpoints/best_resnet18_lr0.001.pth,0.001,6d6u2kul,17,0.8111888111888111
p4_img9,data/raw/p4_img9.png,ResNet18,resnet18,Good,0.999453,0.000547,outputs/checkpoints/best_resnet18_lr0.001.pth,0.001,6d6u2kul,17,0.8111888111888111
p4_seed0,data/raw/p4_seed0.jpg,ResNet18,resnet18,Good,0.987183,0.012817,outputs/checkpoints/best_resnet18_lr0.001.pth,0.001,6d6u2kul,17,0.8111888111888111
p4_seed1,data/raw/p4_seed1.jpg,ResNet18,resnet18,Good,0.714445,0.285555,outputs/checkpoints/best_resnet18_lr0.001.pth,0.001,6d6u2kul,17,0.8111888111888111
p4_seed10,data/raw/p4_seed10.jpg,ResNet18,resnet18,Good,0.999474,0.000526,outputs/checkpoints/best_resnet18_lr0.001.pth,0.001,6d6u2kul,17,0.8111888111888111
p4_seed11,data/raw/p4_seed11.jpg,ResNet18,resnet18,Good,0.993431,0.006569,outputs/checkpoints/best_resnet18_lr0.001.pth,0.001,6d6u2kul,17,0.8111888111888111
p4_seed12,data/raw/p4_seed12.jpg,ResNet18,resnet18,Good,0.971453,0.028547,outputs/checkpoints/best_resnet18_lr0.001.pth,0.001,6d6u2kul,17,0.8111888111888111
p4_seed13,data/raw/p4_seed13.jpg,ResNet18,resnet18,Good,0.999237,0.000763,outputs/checkpoints/best_resnet18_lr0.001.pth,0.001,6d6u2kul,17,0.8111888111888111
p4_seed14,data/raw/p4_seed14.jpg,ResNet18,resnet18,Good,0.945642,0.054358,outputs/checkpoints/best_resnet18_lr0.001.pth,0.001,6d6u2kul,17,0.8111888111888111
p4_seed15,data/raw/p4_seed15.jpg,ResNet18,resnet18,Good,0.968933,0.031067,outputs/checkpoints/best_resnet18_lr0.001.pth,0.001,6d6u2kul,17,0.8111888111888111
p4_seed16,data/raw/p4_seed16.jpg,ResNet18,resnet18,Good,0.97921,0.02079,outputs/checkpoints/best_resnet18_lr0.001.pth,0.001,6d6u2kul,17,0.8111888111888111
p4_seed17,data/raw/p4_seed17.jpg,ResNet18,resnet18,Good,0.905806,0.094194,outputs/checkpoints/best_resnet18_lr0.001.pth,0.001,6d6u2kul,17,0.8111888111888111
p4_seed18,data/raw/p4_seed18.jpg,ResNet18,resnet18,Good,0.998703,0.001297,outputs/checkpoints/best_resnet18_lr0.001.pth,0.001,6d6u2kul,17,0.8111888111888111
p4_seed19,data/raw/p4_seed19.jpg,ResNet18,resnet18,Good,0.999897,0.000103,outputs/checkpoints/best_resnet18_lr0.001.pth,0.001,6d6u2kul,17,0.8111888111888111
p4_seed2,data/raw/p4_seed2.jpg,ResNet18,resnet18,Good,0.9997,0.0003,outputs/checkpoints/best_resnet18_lr0.001.pth,0.001,6d6u2kul,17,0.8111888111888111
p4_seed20,data/raw/p4_seed20.jpg,ResNet18,resnet18,Good,0.994247,0.005753,outputs/checkpoints/best_resnet18_lr0.001.pth,0.001,6d6u2kul,17,0.8111888111888111
p4_seed21,data/raw/p4_seed21.jpg,ResNet18,resnet18,Good,0.597494,0.402506,outputs/checkpoints/best_resnet18_lr0.001.pth,0.001,6d6u2kul,17,0.8111888111888111
p4_seed22,data/raw/p4_seed22.jpg,ResNet18,resnet18,Good,0.988873,0.011127,outputs/checkpoints/best_resnet18_lr0.001.pth,0.001,6d6u2kul,17,0.8111888111888111
p4_seed23,data/raw/p4_seed23.jpg,ResNet18,resnet18,Good,0.998687,0.001313,outputs/checkpoints/best_resnet18_lr0.001.pth,0.001,6d6u2kul,17,0.8111888111888111
p4_seed24,data/raw/p4_seed24.jpg,ResNet18,resnet18,Good,0.998624,0.001376,outputs/checkpoints/best_resnet18_lr0.001.pth,0.001,6d6u2kul,17,0.8111888111888111
p4_seed25,data/raw/p4_seed25.jpg,ResNet18,resnet18,Good,0.938847,0.061153,outputs/checkpoints/best_resnet18_lr0.001.pth,0.001,6d6u2kul,17,0.8111888111888111
p4_seed26,data/raw/p4_seed26.jpg,ResNet18,resnet18,Good,0.999285,0.000715,outputs/checkpoints/best_resnet18_lr0.001.pth,0.001,6d6u2kul,17,0.8111888111888111
p4_seed27,data/raw/p4_seed27.jpg,ResNet18,resnet18,Good,0.996865,0.003135,outputs/checkpoints/best_resnet18_lr0.001.pth,0.001,6d6u2kul,17,0.8111888111888111
p4_seed28,data/raw/p4_seed28.jpg,ResNet18,resnet18,Good,0.995364,0.004636,outputs/checkpoints/best_resnet18_lr0.001.pth,0.001,6d6u2kul,17,0.8111888111888111
p4_seed29,data/raw/p4_seed29.jpg,ResNet18,resnet18,Good,0.9963,0.0037,outputs/checkpoints/best_resnet18_lr0.001.pth,0.001,6d6u2kul,17,0.8111888111888111
p4_seed3,data/raw/p4_seed3.jpg,ResNet18,resnet18,Good,0.916051,0.083949,outputs/checkpoints/best_resnet18_lr0.001.pth,0.001,6d6u2kul,17,0.8111888111888111
p4_seed4,data/raw/p4_seed4.jpg,ResNet18,resnet18,Good,0.999657,0.000343,outputs/checkpoints/best_resnet18_lr0.001.pth,0.001,6d6u2kul,17,0.8111888111888111
p4_seed5,data/raw/p4_seed5.jpg,ResNet18,resnet18,Good,0.998222,0.001778,outputs/checkpoints/best_resnet18_lr0.001.pth,0.001,6d6u2kul,17,0.8111888111888111
p4_seed6,data/raw/p4_seed6.jpg,ResNet18,resnet18,Good,0.868609,0.131391,outputs/checkpoints/best_resnet18_lr0.001.pth,0.001,6d6u2kul,17,0.8111888111888111
p4_seed7,data/raw/p4_seed7.jpg,ResNet18,resnet18,Good,0.999297,0.000703,outputs/checkpoints/best_resnet18_lr0.001.pth,0.001,6d6u2kul,17,0.8111888111888111
p4_seed8,data/raw/p4_seed8.jpg,ResNet18,resnet18,Good,0.999232,0.000768,outputs/checkpoints/best_resnet18_lr0.001.pth,0.001,6d6u2kul,17,0.8111888111888111
p4_seed9,data/raw/p4_seed9.jpg,ResNet18,resnet18,Good,0.996405,0.003595,outputs/checkpoints/best_resnet18_lr0.001.pth,0.001,6d6u2kul,17,0.8111888111888111
p5_img0,data/raw/p5_img0.png,ResNet18,resnet18,Bad,0.113166,0.886834,outputs/checkpoints/best_resnet18_lr0.001.pth,0.001,6d6u2kul,17,0.8111888111888111
p5_img1,data/raw/p5_img1.png,ResNet18,resnet18,Bad,0.289651,0.710349,outputs/checkpoints/best_resnet18_lr0.001.pth,0.001,6d6u2kul,17,0.8111888111888111
p5_img10,data/raw/p5_img10.png,ResNet18,resnet18,Bad,0.206398,0.793602,outputs/checkpoints/best_resnet18_lr0.001.pth,0.001,6d6u2kul,17,0.8111888111888111
p5_img11,data/raw/p5_img11.png,ResNet18,resnet18,Bad,0.223848,0.776152,outputs/checkpoints/best_resnet18_lr0.001.pth,0.001,6d6u2kul,17,0.8111888111888111
p5_img12,data/raw/p5_img12.png,ResNet18,resnet18,Bad,0.161977,0.838023,outputs/checkpoints/best_resnet18_lr0.001.pth,0.001,6d6u2kul,17,0.8111888111888111
p5_img13,data/raw/p5_img13.png,ResNet18,resnet18,Good,0.890962,0.109038,outputs/checkpoints/best_resnet18_lr0.001.pth,0.001,6d6u2kul,17,0.8111888111888111
p5_img14,data/raw/p5_img14.png,ResNet18,resnet18,Good,0.538719,0.461281,outputs/checkpoints/best_resnet18_lr0.001.pth,0.001,6d6u2kul,17,0.8111888111888111
p5_img15,data/raw/p5_img15.png,ResNet18,resnet18,Bad,0.213045,0.786955,outputs/checkpoints/best_resnet18_lr0.001.pth,0.001,6d6u2kul,17,0.8111888111888111
p5_img16,data/raw/p5_img16.png,ResNet18,resnet18,Bad,0.203297,0.796703,outputs/checkpoints/best_resnet18_lr0.001.pth,0.001,6d6u2kul,17,0.8111888111888111
p5_img17,data/raw/p5_img17.png,ResNet18,resnet18,Bad,0.113027,0.886973,outputs/checkpoints/best_resnet18_lr0.001.pth,0.001,6d6u2kul,17,0.8111888111888111
p5_img18,data/raw/p5_img18.png,ResNet18,resnet18,Bad,0.171186,0.828814,outputs/checkpoints/best_resnet18_lr0.001.pth,0.001,6d6u2kul,17,0.8111888111888111
p5_img19,data/raw/p5_img19.png,ResNet18,resnet18,Good,0.62056,0.37944,outputs/checkpoints/best_resnet18_lr0.001.pth,0.001,6d6u2kul,17,0.8111888111888111
p5_img2,data/raw/p5_img2.png,ResNet18,resnet18,Bad,0.251047,0.748953,outputs/checkpoints/best_resnet18_lr0.001.pth,0.001,6d6u2kul,17,0.8111888111888111
p5_img20,data/raw/p5_img20.png,ResNet18,resnet18,Bad,0.195913,0.804087,outputs/checkpoints/best_resnet18_lr0.001.pth,0.001,6d6u2kul,17,0.8111888111888111
p5_img21,data/raw/p5_img21.png,ResNet18,resnet18,Bad,0.191183,0.808817,outputs/checkpoints/best_resnet18_lr0.001.pth,0.001,6d6u2kul,17,0.8111888111888111
p5_img22,data/raw/p5_img22.png,ResNet18,resnet18,Bad,0.097295,0.902705,outputs/checkpoints/best_resnet18_lr0.001.pth,0.001,6d6u2kul,17,0.8111888111888111
p5_img23,data/raw/p5_img23.png,ResNet18,resnet18,Bad,0.066324,0.933676,outputs/checkpoints/best_resnet18_lr0.001.pth,0.001,6d6u2kul,17,0.8111888111888111
p5_img24,data/raw/p5_img24.png,ResNet18,resnet18,Good,0.970108,0.029892,outputs/checkpoints/best_resnet18_lr0.001.pth,0.001,6d6u2kul,17,0.8111888111888111
p5_img25,data/raw/p5_img25.png,ResNet18,resnet18,Bad,0.089762,0.910238,outputs/checkpoints/best_resnet18_lr0.001.pth,0.001,6d6u2kul,17,0.8111888111888111
p5_img26,data/raw/p5_img26.png,ResNet18,resnet18,Good,0.818373,0.181627,outputs/checkpoints/best_resnet18_lr0.001.pth,0.001,6d6u2kul,17,0.8111888111888111
p5_img27,data/raw/p5_img27.png,ResNet18,resnet18,Bad,0.195123,0.804877,outputs/checkpoints/best_resnet18_lr0.001.pth,0.001,6d6u2kul,17,0.8111888111888111
p5_img28,data/raw/p5_img28.png,ResNet18,resnet18,Bad,0.1219,0.8781,outputs/checkpoints/best_resnet18_lr0.001.pth,0.001,6d6u2kul,17,0.8111888111888111
p5_img29,data/raw/p5_img29.png,ResNet18,resnet18,Good,0.971906,0.028094,outputs/checkpoints/best_resnet18_lr0.001.pth,0.001,6d6u2kul,17,0.8111888111888111
p5_img3,data/raw/p5_img3.png,ResNet18,resnet18,Bad,0.174547,0.825453,outputs/checkpoints/best_resnet18_lr0.001.pth,0.001,6d6u2kul,17,0.8111888111888111
p5_img4,data/raw/p5_img4.png,ResNet18,resnet18,Bad,0.118755,0.881245,outputs/checkpoints/best_resnet18_lr0.001.pth,0.001,6d6u2kul,17,0.8111888111888111
p5_img5,data/raw/p5_img5.png,ResNet18,resnet18,Bad,0.078786,0.921214,outputs/checkpoints/best_resnet18_lr0.001.pth,0.001,6d6u2kul,17,0.8111888111888111
p5_img6,data/raw/p5_img6.png,ResNet18,resnet18,Good,0.643162,0.356838,outputs/checkpoints/best_resnet18_lr0.001.pth,0.001,6d6u2kul,17,0.8111888111888111
p5_img7,data/raw/p5_img7.png,ResNet18,resnet18,Bad,0.2428,0.7572,outputs/checkpoints/best_resnet18_lr0.001.pth,0.001,6d6u2kul,17,0.8111888111888111
p5_img8,data/raw/p5_img8.png,ResNet18,resnet18,Good,0.953232,0.046768,outputs/checkpoints/best_resnet18_lr0.001.pth,0.001,6d6u2kul,17,0.8111888111888111
p5_img9,data/raw/p5_img9.png,ResNet18,resnet18,Bad,0.092794,0.907206,outputs/checkpoints/best_resnet18_lr0.001.pth,0.001,6d6u2kul,17,0.8111888111888111
p5_seed0,data/raw/p5_seed0.jpg,ResNet18,resnet18,Good,0.896683,0.103317,outputs/checkpoints/best_resnet18_lr0.001.pth,0.001,6d6u2kul,17,0.8111888111888111
p5_seed1,data/raw/p5_seed1.jpg,ResNet18,resnet18,Good,0.832607,0.167393,outputs/checkpoints/best_resnet18_lr0.001.pth,0.001,6d6u2kul,17,0.8111888111888111
p5_seed10,data/raw/p5_seed10.jpg,ResNet18,resnet18,Good,0.93822,0.06178,outputs/checkpoints/best_resnet18_lr0.001.pth,0.001,6d6u2kul,17,0.8111888111888111
p5_seed11,data/raw/p5_seed11.jpg,ResNet18,resnet18,Good,0.796559,0.203441,outputs/checkpoints/best_resnet18_lr0.001.pth,0.001,6d6u2kul,17,0.8111888111888111
p5_seed12,data/raw/p5_seed12.jpg,ResNet18,resnet18,Good,0.541894,0.458106,outputs/checkpoints/best_resnet18_lr0.001.pth,0.001,6d6u2kul,17,0.8111888111888111
p5_seed13,data/raw/p5_seed13.jpg,ResNet18,resnet18,Good,0.995608,0.004392,outputs/checkpoints/best_resnet18_lr0.001.pth,0.001,6d6u2kul,17,0.8111888111888111
p5_seed14,data/raw/p5_seed14.jpg,ResNet18,resnet18,Good,0.993121,0.006879,outputs/checkpoints/best_resnet18_lr0.001.pth,0.001,6d6u2kul,17,0.8111888111888111
p5_seed15,data/raw/p5_seed15.jpg,ResNet18,resnet18,Good,0.905495,0.094505,outputs/checkpoints/best_resnet18_lr0.001.pth,0.001,6d6u2kul,17,0.8111888111888111
p5_seed16,data/raw/p5_seed16.jpg,ResNet18,resnet18,Good,0.924628,0.075372,outputs/checkpoints/best_resnet18_lr0.001.pth,0.001,6d6u2kul,17,0.8111888111888111
p5_seed17,data/raw/p5_seed17.jpg,ResNet18,resnet18,Good,0.901268,0.098732,outputs/checkpoints/best_resnet18_lr0.001.pth,0.001,6d6u2kul,17,0.8111888111888111
p5_seed18,data/raw/p5_seed18.jpg,ResNet18,resnet18,Good,0.860856,0.139144,outputs/checkpoints/best_resnet18_lr0.001.pth,0.001,6d6u2kul,17,0.8111888111888111
p5_seed19,data/raw/p5_seed19.jpg,ResNet18,resnet18,Good,0.853905,0.146095,outputs/checkpoints/best_resnet18_lr0.001.pth,0.001,6d6u2kul,17,0.8111888111888111
p5_seed2,data/raw/p5_seed2.jpg,ResNet18,resnet18,Good,0.88932,0.11068,outputs/checkpoints/best_resnet18_lr0.001.pth,0.001,6d6u2kul,17,0.8111888111888111
p5_seed20,data/raw/p5_seed20.jpg,ResNet18,resnet18,Good,0.999751,0.000249,outputs/checkpoints/best_resnet18_lr0.001.pth,0.001,6d6u2kul,17,0.8111888111888111
p5_seed21,data/raw/p5_seed21.jpg,ResNet18,resnet18,Good,0.990588,0.009412,outputs/checkpoints/best_resnet18_lr0.001.pth,0.001,6d6u2kul,17,0.8111888111888111
p5_seed22,data/raw/p5_seed22.jpg,ResNet18,resnet18,Good,0.983673,0.016327,outputs/checkpoints/best_resnet18_lr0.001.pth,0.001,6d6u2kul,17,0.8111888111888111
p5_seed23,data/raw/p5_seed23.jpg,ResNet18,resnet18,Good,0.996212,0.003787,outputs/checkpoints/best_resnet18_lr0.001.pth,0.001,6d6u2kul,17,0.8111888111888111
p5_seed24,data/raw/p5_seed24.jpg,ResNet18,resnet18,Good,0.976525,0.023475,outputs/checkpoints/best_resnet18_lr0.001.pth,0.001,6d6u2kul,17,0.8111888111888111
p5_seed25,data/raw/p5_seed25.jpg,ResNet18,resnet18,Good,0.977269,0.022731,outputs/checkpoints/best_resnet18_lr0.001.pth,0.001,6d6u2kul,17,0.8111888111888111
p5_seed26,data/raw/p5_seed26.jpg,ResNet18,resnet18,Good,0.997049,0.002951,outputs/checkpoints/best_resnet18_lr0.001.pth,0.001,6d6u2kul,17,0.8111888111888111
p5_seed27,data/raw/p5_seed27.jpg,ResNet18,resnet18,Good,0.995557,0.004443,outputs/checkpoints/best_resnet18_lr0.001.pth,0.001,6d6u2kul,17,0.8111888111888111
p5_seed28,data/raw/p5_seed28.jpg,ResNet18,resnet18,Good,0.981946,0.018054,outputs/checkpoints/best_resnet18_lr0.001.pth,0.001,6d6u2kul,17,0.8111888111888111
p5_seed29,data/raw/p5_seed29.jpg,ResNet18,resnet18,Good,0.976874,0.023126,outputs/checkpoints/best_resnet18_lr0.001.pth,0.001,6d6u2kul,17,0.8111888111888111
p5_seed3,data/raw/p5_seed3.jpg,ResNet18,resnet18,Good,0.837935,0.162065,outputs/checkpoints/best_resnet18_lr0.001.pth,0.001,6d6u2kul,17,0.8111888111888111
p5_seed4,data/raw/p5_seed4.jpg,ResNet18,resnet18,Good,0.671449,0.328551,outputs/checkpoints/best_resnet18_lr0.001.pth,0.001,6d6u2kul,17,0.8111888111888111
p5_seed5,data/raw/p5_seed5.jpg,ResNet18,resnet18,Good,0.99403,0.00597,outputs/checkpoints/best_resnet18_lr0.001.pth,0.001,6d6u2kul,17,0.8111888111888111
p5_seed6,data/raw/p5_seed6.jpg,ResNet18,resnet18,Bad,0.226555,0.773445,outputs/checkpoints/best_resnet18_lr0.001.pth,0.001,6d6u2kul,17,0.8111888111888111
p5_seed7,data/raw/p5_seed7.jpg,ResNet18,resnet18,Good,0.973204,0.026796,outputs/checkpoints/best_resnet18_lr0.001.pth,0.001,6d6u2kul,17,0.8111888111888111
p5_seed8,data/raw/p5_seed8.jpg,ResNet18,resnet18,Good,0.987147,0.012853,outputs/checkpoints/best_resnet18_lr0.001.pth,0.001,6d6u2kul,17,0.8111888111888111
p5_seed9,data/raw/p5_seed9.jpg,ResNet18,resnet18,Good,0.915627,0.084372,outputs/checkpoints/best_resnet18_lr0.001.pth,0.001,6d6u2kul,17,0.8111888111888111
p6_img0,data/raw/p6_img0.png,ResNet18,resnet18,Bad,0.448264,0.551736,outputs/checkpoints/best_resnet18_lr0.001.pth,0.001,6d6u2kul,17,0.8111888111888111
p6_img1,data/raw/p6_img1.png,ResNet18,resnet18,Good,0.723859,0.276141,outputs/checkpoints/best_resnet18_lr0.001.pth,0.001,6d6u2kul,17,0.8111888111888111
p6_img10,data/raw/p6_img10.png,ResNet18,resnet18,Good,0.616055,0.383945,outputs/checkpoints/best_resnet18_lr0.001.pth,0.001,6d6u2kul,17,0.8111888111888111
p6_img11,data/raw/p6_img11.png,ResNet18,resnet18,Bad,0.241576,0.758424,outputs/checkpoints/best_resnet18_lr0.001.pth,0.001,6d6u2kul,17,0.8111888111888111
p6_img12,data/raw/p6_img12.png,ResNet18,resnet18,Bad,0.204895,0.795105,outputs/checkpoints/best_resnet18_lr0.001.pth,0.001,6d6u2kul,17,0.8111888111888111
p6_img13,data/raw/p6_img13.png,ResNet18,resnet18,Good,0.920801,0.079199,outputs/checkpoints/best_resnet18_lr0.001.pth,0.001,6d6u2kul,17,0.8111888111888111
p6_img14,data/raw/p6_img14.png,ResNet18,resnet18,Good,0.564812,0.435188,outputs/checkpoints/best_resnet18_lr0.001.pth,0.001,6d6u2kul,17,0.8111888111888111
p6_img15,data/raw/p6_img15.png,ResNet18,resnet18,Good,0.880263,0.119737,outputs/checkpoints/best_resnet18_lr0.001.pth,0.001,6d6u2kul,17,0.8111888111888111
p6_img16,data/raw/p6_img16.png,ResNet18,resnet18,Good,0.946996,0.053004,outputs/checkpoints/best_resnet18_lr0.001.pth,0.001,6d6u2kul,17,0.8111888111888111
p6_img17,data/raw/p6_img17.png,ResNet18,resnet18,Good,0.762883,0.237117,outputs/checkpoints/best_resnet18_lr0.001.pth,0.001,6d6u2kul,17,0.8111888111888111
p6_img18,data/raw/p6_img18.png,ResNet18,resnet18,Good,0.701845,0.298155,outputs/checkpoints/best_resnet18_lr0.001.pth,0.001,6d6u2kul,17,0.8111888111888111
p6_img19,data/raw/p6_img19.png,ResNet18,resnet18,Good,0.558581,0.441419,outputs/checkpoints/best_resnet18_lr0.001.pth,0.001,6d6u2kul,17,0.8111888111888111
p6_img2,data/raw/p6_img2.png,ResNet18,resnet18,Bad,0.178362,0.821638,outputs/checkpoints/best_resnet18_lr0.001.pth,0.001,6d6u2kul,17,0.8111888111888111
p6_img20,data/raw/p6_img20.png,ResNet18,resnet18,Bad,0.205113,0.794886,outputs/checkpoints/best_resnet18_lr0.001.pth,0.001,6d6u2kul,17,0.8111888111888111
p6_img21,data/raw/p6_img21.png,ResNet18,resnet18,Good,0.791203,0.208797,outputs/checkpoints/best_resnet18_lr0.001.pth,0.001,6d6u2kul,17,0.8111888111888111
p6_img22,data/raw/p6_img22.png,ResNet18,resnet18,Good,0.753792,0.246208,outputs/checkpoints/best_resnet18_lr0.001.pth,0.001,6d6u2kul,17,0.8111888111888111
p6_img23,data/raw/p6_img23.png,ResNet18,resnet18,Bad,0.124389,0.875611,outputs/checkpoints/best_resnet18_lr0.001.pth,0.001,6d6u2kul,17,0.8111888111888111
p6_img24,data/raw/p6_img24.png,ResNet18,resnet18,Good,0.837303,0.162697,outputs/checkpoints/best_resnet18_lr0.001.pth,0.001,6d6u2kul,17,0.8111888111888111
p6_img25,data/raw/p6_img25.png,ResNet18,resnet18,Bad,0.228252,0.771748,outputs/checkpoints/best_resnet18_lr0.001.pth,0.001,6d6u2kul,17,0.8111888111888111
p6_img26,data/raw/p6_img26.png,ResNet18,resnet18,Good,0.803229,0.196771,outputs/checkpoints/best_resnet18_lr0.001.pth,0.001,6d6u2kul,17,0.8111888111888111
p6_img27,data/raw/p6_img27.png,ResNet18,resnet18,Bad,0.273792,0.726208,outputs/checkpoints/best_resnet18_lr0.001.pth,0.001,6d6u2kul,17,0.8111888111888111
p6_img28,data/raw/p6_img28.png,ResNet18,resnet18,Bad,0.25906,0.74094,outputs/checkpoints/best_resnet18_lr0.001.pth,0.001,6d6u2kul,17,0.8111888111888111
p6_img29,data/raw/p6_img29.png,ResNet18,resnet18,Bad,0.333877,0.666123,outputs/checkpoints/best_resnet18_lr0.001.pth,0.001,6d6u2kul,17,0.8111888111888111
p6_img3,data/raw/p6_img3.png,ResNet18,resnet18,Good,0.900316,0.099684,outputs/checkpoints/best_resnet18_lr0.001.pth,0.001,6d6u2kul,17,0.8111888111888111
p6_img4,data/raw/p6_img4.png,ResNet18,resnet18,Bad,0.24112,0.75888,outputs/checkpoints/best_resnet18_lr0.001.pth,0.001,6d6u2kul,17,0.8111888111888111
p6_img5,data/raw/p6_img5.png,ResNet18,resnet18,Bad,0.104596,0.895404,outputs/checkpoints/best_resnet18_lr0.001.pth,0.001,6d6u2kul,17,0.8111888111888111
p6_img6,data/raw/p6_img6.png,ResNet18,resnet18,Bad,0.377262,0.622738,outputs/checkpoints/best_resnet18_lr0.001.pth,0.001,6d6u2kul,17,0.8111888111888111
p6_img7,data/raw/p6_img7.png,ResNet18,resnet18,Bad,0.323387,0.676613,outputs/checkpoints/best_resnet18_lr0.001.pth,0.001,6d6u2kul,17,0.8111888111888111
p6_img8,data/raw/p6_img8.png,ResNet18,resnet18,Good,0.888008,0.111992,outputs/checkpoints/best_resnet18_lr0.001.pth,0.001,6d6u2kul,17,0.8111888111888111
p6_img9,data/raw/p6_img9.png,ResNet18,resnet18,Good,0.678192,0.321808,outputs/checkpoints/best_resnet18_lr0.001.pth,0.001,6d6u2kul,17,0.8111888111888111
p6_seed0,data/raw/p6_seed0.jpg,ResNet18,resnet18,Good,0.986362,0.013638,outputs/checkpoints/best_resnet18_lr0.001.pth,0.001,6d6u2kul,17,0.8111888111888111
p6_seed1,data/raw/p6_seed1.jpg,ResNet18,resnet18,Good,0.970433,0.029567,outputs/checkpoints/best_resnet18_lr0.001.pth,0.001,6d6u2kul,17,0.8111888111888111
p6_seed10,data/raw/p6_seed10.jpg,ResNet18,resnet18,Bad,0.22026,0.77974,outputs/checkpoints/best_resnet18_lr0.001.pth,0.001,6d6u2kul,17,0.8111888111888111
p6_seed11,data/raw/p6_seed11.jpg,ResNet18,resnet18,Bad,0.285376,0.714624,outputs/checkpoints/best_resnet18_lr0.001.pth,0.001,6d6u2kul,17,0.8111888111888111
p6_seed12,data/raw/p6_seed12.jpg,ResNet18,resnet18,Bad,0.063972,0.936028,outputs/checkpoints/best_resnet18_lr0.001.pth,0.001,6d6u2kul,17,0.8111888111888111
p6_seed13,data/raw/p6_seed13.jpg,ResNet18,resnet18,Good,0.982037,0.017963,outputs/checkpoints/best_resnet18_lr0.001.pth,0.001,6d6u2kul,17,0.8111888111888111
p6_seed14,data/raw/p6_seed14.jpg,ResNet18,resnet18,Good,0.952011,0.047989,outputs/checkpoints/best_resnet18_lr0.001.pth,0.001,6d6u2kul,17,0.8111888111888111
p6_seed15,data/raw/p6_seed15.jpg,ResNet18,resnet18,Good,0.868228,0.131772,outputs/checkpoints/best_resnet18_lr0.001.pth,0.001,6d6u2kul,17,0.8111888111888111
p6_seed16,data/raw/p6_seed16.jpg,ResNet18,resnet18,Good,0.927992,0.072009,outputs/checkpoints/best_resnet18_lr0.001.pth,0.001,6d6u2kul,17,0.8111888111888111
p6_seed17,data/raw/p6_seed17.jpg,ResNet18,resnet18,Good,0.920411,0.079589,outputs/checkpoints/best_resnet18_lr0.001.pth,0.001,6d6u2kul,17,0.8111888111888111
p6_seed18,data/raw/p6_seed18.jpg,ResNet18,resnet18,Good,0.853983,0.146017,outputs/checkpoints/best_resnet18_lr0.001.pth,0.001,6d6u2kul,17,0.8111888111888111
p6_seed19,data/raw/p6_seed19.jpg,ResNet18,resnet18,Good,0.999853,0.000147,outputs/checkpoints/best_resnet18_lr0.001.pth,0.001,6d6u2kul,17,0.8111888111888111
p6_seed2,data/raw/p6_seed2.jpg,ResNet18,resnet18,Good,0.997129,0.002871,outputs/checkpoints/best_resnet18_lr0.001.pth,0.001,6d6u2kul,17,0.8111888111888111
p6_seed3,data/raw/p6_seed3.jpg,ResNet18,resnet18,Bad,0.010004,0.989995,outputs/checkpoints/best_resnet18_lr0.001.pth,0.001,6d6u2kul,17,0.8111888111888111
p6_seed4,data/raw/p6_seed4.jpg,ResNet18,resnet18,Good,0.971738,0.028262,outputs/checkpoints/best_resnet18_lr0.001.pth,0.001,6d6u2kul,17,0.8111888111888111
p6_seed5,data/raw/p6_seed5.jpg,ResNet18,resnet18,Good,0.988245,0.011755,outputs/checkpoints/best_resnet18_lr0.001.pth,0.001,6d6u2kul,17,0.8111888111888111
p6_seed6,data/raw/p6_seed6.jpg,ResNet18,resnet18,Bad,0.411746,0.588254,outputs/checkpoints/best_resnet18_lr0.001.pth,0.001,6d6u2kul,17,0.8111888111888111
p6_seed7,data/raw/p6_seed7.jpg,ResNet18,resnet18,Bad,0.280506,0.719494,outputs/checkpoints/best_resnet18_lr0.001.pth,0.001,6d6u2kul,17,0.8111888111888111
p6_seed8,data/raw/p6_seed8.jpg,ResNet18,resnet18,Good,0.513043,0.486957,outputs/checkpoints/best_resnet18_lr0.001.pth,0.001,6d6u2kul,17,0.8111888111888111
p6_seed9,data/raw/p6_seed9.jpg,ResNet18,resnet18,Bad,0.053844,0.946156,outputs/checkpoints/best_resnet18_lr0.001.pth,0.001,6d6u2kul,17,0.8111888111888111
p7_img0,data/raw/p7_img0.png,ResNet18,resnet18,Good,0.709552,0.290448,outputs/checkpoints/best_resnet18_lr0.001.pth,0.001,6d6u2kul,17,0.8111888111888111
p7_img1,data/raw/p7_img1.png,ResNet18,resnet18,Good,0.949173,0.050827,outputs/checkpoints/best_resnet18_lr0.001.pth,0.001,6d6u2kul,17,0.8111888111888111
p7_img10,data/raw/p7_img10.png,ResNet18,resnet18,Good,0.74408,0.25592,outputs/checkpoints/best_resnet18_lr0.001.pth,0.001,6d6u2kul,17,0.8111888111888111
p7_img11,data/raw/p7_img11.png,ResNet18,resnet18,Good,0.886292,0.113708,outputs/checkpoints/best_resnet18_lr0.001.pth,0.001,6d6u2kul,17,0.8111888111888111
p7_img12,data/raw/p7_img12.png,ResNet18,resnet18,Good,0.926156,0.073844,outputs/checkpoints/best_resnet18_lr0.001.pth,0.001,6d6u2kul,17,0.8111888111888111
p7_img13,data/raw/p7_img13.png,ResNet18,resnet18,Good,0.868312,0.131688,outputs/checkpoints/best_resnet18_lr0.001.pth,0.001,6d6u2kul,17,0.8111888111888111
p7_img14,data/raw/p7_img14.png,ResNet18,resnet18,Good,0.949427,0.050573,outputs/checkpoints/best_resnet18_lr0.001.pth,0.001,6d6u2kul,17,0.8111888111888111
p7_img15,data/raw/p7_img15.png,ResNet18,resnet18,Good,0.815316,0.184684,outputs/checkpoints/best_resnet18_lr0.001.pth,0.001,6d6u2kul,17,0.8111888111888111
p7_img16,data/raw/p7_img16.png,ResNet18,resnet18,Good,0.955692,0.044308,outputs/checkpoints/best_resnet18_lr0.001.pth,0.001,6d6u2kul,17,0.8111888111888111
p7_img17,data/raw/p7_img17.png,ResNet18,resnet18,Good,0.952135,0.047865,outputs/checkpoints/best_resnet18_lr0.001.pth,0.001,6d6u2kul,17,0.8111888111888111
p7_img18,data/raw/p7_img18.png,ResNet18,resnet18,Good,0.711726,0.288274,outputs/checkpoints/best_resnet18_lr0.001.pth,0.001,6d6u2kul,17,0.8111888111888111
p7_img19,data/raw/p7_img19.png,ResNet18,resnet18,Good,0.842008,0.157992,outputs/checkpoints/best_resnet18_lr0.001.pth,0.001,6d6u2kul,17,0.8111888111888111
p7_img2,data/raw/p7_img2.png,ResNet18,resnet18,Good,0.8901,0.1099,outputs/checkpoints/best_resnet18_lr0.001.pth,0.001,6d6u2kul,17,0.8111888111888111
p7_img20,data/raw/p7_img20.png,ResNet18,resnet18,Good,0.998999,0.001001,outputs/checkpoints/best_resnet18_lr0.001.pth,0.001,6d6u2kul,17,0.8111888111888111
p7_img21,data/raw/p7_img21.png,ResNet18,resnet18,Good,0.955716,0.044284,outputs/checkpoints/best_resnet18_lr0.001.pth,0.001,6d6u2kul,17,0.8111888111888111
p7_img22,data/raw/p7_img22.png,ResNet18,resnet18,Good,0.910791,0.089209,outputs/checkpoints/best_resnet18_lr0.001.pth,0.001,6d6u2kul,17,0.8111888111888111
p7_img23,data/raw/p7_img23.png,ResNet18,resnet18,Good,0.989039,0.010961,outputs/checkpoints/best_resnet18_lr0.001.pth,0.001,6d6u2kul,17,0.8111888111888111
p7_img24,data/raw/p7_img24.png,ResNet18,resnet18,Good,0.995262,0.004738,outputs/checkpoints/best_resnet18_lr0.001.pth,0.001,6d6u2kul,17,0.8111888111888111
p7_img25,data/raw/p7_img25.png,ResNet18,resnet18,Good,0.955418,0.044582,outputs/checkpoints/best_resnet18_lr0.001.pth,0.001,6d6u2kul,17,0.8111888111888111
p7_img26,data/raw/p7_img26.png,ResNet18,resnet18,Good,0.774037,0.225963,outputs/checkpoints/best_resnet18_lr0.001.pth,0.001,6d6u2kul,17,0.8111888111888111
p7_img27,data/raw/p7_img27.png,ResNet18,resnet18,Good,0.769323,0.230677,outputs/checkpoints/best_resnet18_lr0.001.pth,0.001,6d6u2kul,17,0.8111888111888111
p7_img28,data/raw/p7_img28.png,ResNet18,resnet18,Bad,0.052487,0.947514,outputs/checkpoints/best_resnet18_lr0.001.pth,0.001,6d6u2kul,17,0.8111888111888111
p7_img29,data/raw/p7_img29.png,ResNet18,resnet18,Good,0.673833,0.326167,outputs/checkpoints/best_resnet18_lr0.001.pth,0.001,6d6u2kul,17,0.8111888111888111
p7_img3,data/raw/p7_img3.png,ResNet18,resnet18,Good,0.930301,0.069699,outputs/checkpoints/best_resnet18_lr0.001.pth,0.001,6d6u2kul,17,0.8111888111888111
p7_img4,data/raw/p7_img4.png,ResNet18,resnet18,Good,0.978907,0.021094,outputs/checkpoints/best_resnet18_lr0.001.pth,0.001,6d6u2kul,17,0.8111888111888111
p7_img5,data/raw/p7_img5.png,ResNet18,resnet18,Good,0.998326,0.001674,outputs/checkpoints/best_resnet18_lr0.001.pth,0.001,6d6u2kul,17,0.8111888111888111
p7_img6,data/raw/p7_img6.png,ResNet18,resnet18,Good,0.848165,0.151835,outputs/checkpoints/best_resnet18_lr0.001.pth,0.001,6d6u2kul,17,0.8111888111888111
p7_img7,data/raw/p7_img7.png,ResNet18,resnet18,Good,0.983321,0.016679,outputs/checkpoints/best_resnet18_lr0.001.pth,0.001,6d6u2kul,17,0.8111888111888111
p7_img8,data/raw/p7_img8.png,ResNet18,resnet18,Good,0.955175,0.044825,outputs/checkpoints/best_resnet18_lr0.001.pth,0.001,6d6u2kul,17,0.8111888111888111
p7_img9,data/raw/p7_img9.png,ResNet18,resnet18,Good,0.996352,0.003648,outputs/checkpoints/best_resnet18_lr0.001.pth,0.001,6d6u2kul,17,0.8111888111888111
p8_img0,data/raw/p8_img0.png,ResNet18,resnet18,Good,0.892731,0.107269,outputs/checkpoints/best_resnet18_lr0.001.pth,0.001,6d6u2kul,17,0.8111888111888111
p8_img1,data/raw/p8_img1.png,ResNet18,resnet18,Good,0.931495,0.068505,outputs/checkpoints/best_resnet18_lr0.001.pth,0.001,6d6u2kul,17,0.8111888111888111
p8_img10,data/raw/p8_img10.png,ResNet18,resnet18,Good,0.733108,0.266892,outputs/checkpoints/best_resnet18_lr0.001.pth,0.001,6d6u2kul,17,0.8111888111888111
p8_img11,data/raw/p8_img11.png,ResNet18,resnet18,Good,0.980072,0.019928,outputs/checkpoints/best_resnet18_lr0.001.pth,0.001,6d6u2kul,17,0.8111888111888111
p8_img12,data/raw/p8_img12.png,ResNet18,resnet18,Good,0.962861,0.037139,outputs/checkpoints/best_resnet18_lr0.001.pth,0.001,6d6u2kul,17,0.8111888111888111
p8_img13,data/raw/p8_img13.png,ResNet18,resnet18,Good,0.92188,0.07812,outputs/checkpoints/best_resnet18_lr0.001.pth,0.001,6d6u2kul,17,0.8111888111888111
p8_img14,data/raw/p8_img14.png,ResNet18,resnet18,Good,0.999611,0.000389,outputs/checkpoints/best_resnet18_lr0.001.pth,0.001,6d6u2kul,17,0.8111888111888111
p8_img15,data/raw/p8_img15.png,ResNet18,resnet18,Good,0.999078,0.000922,outputs/checkpoints/best_resnet18_lr0.001.pth,0.001,6d6u2kul,17,0.8111888111888111
p8_img16,data/raw/p8_img16.png,ResNet18,resnet18,Good,0.995261,0.004739,outputs/checkpoints/best_resnet18_lr0.001.pth,0.001,6d6u2kul,17,0.8111888111888111
p8_img17,data/raw/p8_img17.png,ResNet18,resnet18,Good,0.998985,0.001015,outputs/checkpoints/best_resnet18_lr0.001.pth,0.001,6d6u2kul,17,0.8111888111888111
p8_img18,data/raw/p8_img18.png,ResNet18,resnet18,Good,0.989793,0.010207,outputs/checkpoints/best_resnet18_lr0.001.pth,0.001,6d6u2kul,17,0.8111888111888111
p8_img19,data/raw/p8_img19.png,ResNet18,resnet18,Good,0.993015,0.006985,outputs/checkpoints/best_resnet18_lr0.001.pth,0.001,6d6u2kul,17,0.8111888111888111
p8_img2,data/raw/p8_img2.png,ResNet18,resnet18,Good,0.980952,0.019048,outputs/checkpoints/best_resnet18_lr0.001.pth,0.001,6d6u2kul,17,0.8111888111888111
p8_img20,data/raw/p8_img20.png,ResNet18,resnet18,Good,0.849666,0.150334,outputs/checkpoints/best_resnet18_lr0.001.pth,0.001,6d6u2kul,17,0.8111888111888111
p8_img21,data/raw/p8_img21.png,ResNet18,resnet18,Good,0.9799,0.0201,outputs/checkpoints/best_resnet18_lr0.001.pth,0.001,6d6u2kul,17,0.8111888111888111
p8_img22,data/raw/p8_img22.png,ResNet18,resnet18,Good,0.977956,0.022044,outputs/checkpoints/best_resnet18_lr0.001.pth,0.001,6d6u2kul,17,0.8111888111888111
p8_img23,data/raw/p8_img23.png,ResNet18,resnet18,Good,0.926491,0.073509,outputs/checkpoints/best_resnet18_lr0.001.pth,0.001,6d6u2kul,17,0.8111888111888111
p8_img24,data/raw/p8_img24.png,ResNet18,resnet18,Good,0.995066,0.004934,outputs/checkpoints/best_resnet18_lr0.001.pth,0.001,6d6u2kul,17,0.8111888111888111
p8_img25,data/raw/p8_img25.png,ResNet18,resnet18,Good,0.994692,0.005308,outputs/checkpoints/best_resnet18_lr0.001.pth,0.001,6d6u2kul,17,0.8111888111888111
p8_img26,data/raw/p8_img26.png,ResNet18,resnet18,Bad,0.496226,0.503774,outputs/checkpoints/best_resnet18_lr0.001.pth,0.001,6d6u2kul,17,0.8111888111888111
p8_img27,data/raw/p8_img27.png,ResNet18,resnet18,Good,0.96086,0.03914,outputs/checkpoints/best_resnet18_lr0.001.pth,0.001,6d6u2kul,17,0.8111888111888111
p8_img28,data/raw/p8_img28.png,ResNet18,resnet18,Good,0.939186,0.060814,outputs/checkpoints/best_resnet18_lr0.001.pth,0.001,6d6u2kul,17,0.8111888111888111
p8_img29,data/raw/p8_img29.png,ResNet18,resnet18,Good,0.980402,0.019598,outputs/checkpoints/best_resnet18_lr0.001.pth,0.001,6d6u2kul,17,0.8111888111888111
p8_img3,data/raw/p8_img3.png,ResNet18,resnet18,Good,0.996228,0.003772,outputs/checkpoints/best_resnet18_lr0.001.pth,0.001,6d6u2kul,17,0.8111888111888111
p8_img4,data/raw/p8_img4.png,ResNet18,resnet18,Good,0.960437,0.039563,outputs/checkpoints/best_resnet18_lr0.001.pth,0.001,6d6u2kul,17,0.8111888111888111
p8_img5,data/raw/p8_img5.png,ResNet18,resnet18,Good,0.998998,0.001002,outputs/checkpoints/best_resnet18_lr0.001.pth,0.001,6d6u2kul,17,0.8111888111888111
p8_img6,data/raw/p8_img6.png,ResNet18,resnet18,Good,0.980797,0.019203,outputs/checkpoints/best_resnet18_lr0.001.pth,0.001,6d6u2kul,17,0.8111888111888111
p8_img7,data/raw/p8_img7.png,ResNet18,resnet18,Good,0.997996,0.002004,outputs/checkpoints/best_resnet18_lr0.001.pth,0.001,6d6u2kul,17,0.8111888111888111
p8_img8,data/raw/p8_img8.png,ResNet18,resnet18,Good,0.999918,8.2e-05,outputs/checkpoints/best_resnet18_lr0.001.pth,0.001,6d6u2kul,17,0.8111888111888111
p8_img9,data/raw/p8_img9.png,ResNet18,resnet18,Good,0.996505,0.003495,outputs/checkpoints/best_resnet18_lr0.001.pth,0.001,6d6u2kul,17,0.8111888111888111
p9_img0,data/raw/p9_img0.png,ResNet18,resnet18,Good,0.994067,0.005933,outputs/checkpoints/best_resnet18_lr0.001.pth,0.001,6d6u2kul,17,0.8111888111888111
p9_img1,data/raw/p9_img1.png,ResNet18,resnet18,Good,0.851539,0.148461,outputs/checkpoints/best_resnet18_lr0.001.pth,0.001,6d6u2kul,17,0.8111888111888111
p9_img10,data/raw/p9_img10.png,ResNet18,resnet18,Good,0.850105,0.149895,outputs/checkpoints/best_resnet18_lr0.001.pth,0.001,6d6u2kul,17,0.8111888111888111
p9_img11,data/raw/p9_img11.png,ResNet18,resnet18,Good,0.865556,0.134444,outputs/checkpoints/best_resnet18_lr0.001.pth,0.001,6d6u2kul,17,0.8111888111888111
p9_img12,data/raw/p9_img12.png,ResNet18,resnet18,Good,0.592229,0.407771,outputs/checkpoints/best_resnet18_lr0.001.pth,0.001,6d6u2kul,17,0.8111888111888111
p9_img13,data/raw/p9_img13.png,ResNet18,resnet18,Good,0.987347,0.012653,outputs/checkpoints/best_resnet18_lr0.001.pth,0.001,6d6u2kul,17,0.8111888111888111
p9_img14,data/raw/p9_img14.png,ResNet18,resnet18,Good,0.839684,0.160316,outputs/checkpoints/best_resnet18_lr0.001.pth,0.001,6d6u2kul,17,0.8111888111888111
p9_img15,data/raw/p9_img15.png,ResNet18,resnet18,Bad,0.230117,0.769884,outputs/checkpoints/best_resnet18_lr0.001.pth,0.001,6d6u2kul,17,0.8111888111888111
p9_img16,data/raw/p9_img16.png,ResNet18,resnet18,Good,0.94249,0.05751,outputs/checkpoints/best_resnet18_lr0.001.pth,0.001,6d6u2kul,17,0.8111888111888111
p9_img17,data/raw/p9_img17.png,ResNet18,resnet18,Good,0.988271,0.011729,outputs/checkpoints/best_resnet18_lr0.001.pth,0.001,6d6u2kul,17,0.8111888111888111
p9_img18,data/raw/p9_img18.png,ResNet18,resnet18,Good,0.958935,0.041065,outputs/checkpoints/best_resnet18_lr0.001.pth,0.001,6d6u2kul,17,0.8111888111888111
p9_img19,data/raw/p9_img19.png,ResNet18,resnet18,Good,0.626137,0.373863,outputs/checkpoints/best_resnet18_lr0.001.pth,0.001,6d6u2kul,17,0.8111888111888111
p9_img2,data/raw/p9_img2.png,ResNet18,resnet18,Good,0.95791,0.04209,outputs/checkpoints/best_resnet18_lr0.001.pth,0.001,6d6u2kul,17,0.8111888111888111
p9_img20,data/raw/p9_img20.png,ResNet18,resnet18,Good,0.649748,0.350252,outputs/checkpoints/best_resnet18_lr0.001.pth,0.001,6d6u2kul,17,0.8111888111888111
p9_img21,data/raw/p9_img21.png,ResNet18,resnet18,Good,0.996621,0.003379,outputs/checkpoints/best_resnet18_lr0.001.pth,0.001,6d6u2kul,17,0.8111888111888111
p9_img22,data/raw/p9_img22.png,ResNet18,resnet18,Good,0.998376,0.001624,outputs/checkpoints/best_resnet18_lr0.001.pth,0.001,6d6u2kul,17,0.8111888111888111
p9_img23,data/raw/p9_img23.png,ResNet18,resnet18,Good,0.98954,0.01046,outputs/checkpoints/best_resnet18_lr0.001.pth,0.001,6d6u2kul,17,0.8111888111888111
p9_img24,data/raw/p9_img24.png,ResNet18,resnet18,Good,0.999732,0.000268,outputs/checkpoints/best_resnet18_lr0.001.pth,0.001,6d6u2kul,17,0.8111888111888111
p9_img25,data/raw/p9_img25.png,ResNet18,resnet18,Good,0.989205,0.010795,outputs/checkpoints/best_resnet18_lr0.001.pth,0.001,6d6u2kul,17,0.8111888111888111
p9_img26,data/raw/p9_img26.png,ResNet18,resnet18,Good,0.904471,0.095529,outputs/checkpoints/best_resnet18_lr0.001.pth,0.001,6d6u2kul,17,0.8111888111888111
p9_img27,data/raw/p9_img27.png,ResNet18,resnet18,Good,0.785674,0.214326,outputs/checkpoints/best_resnet18_lr0.001.pth,0.001,6d6u2kul,17,0.8111888111888111
p9_img28,data/raw/p9_img28.png,ResNet18,resnet18,Good,0.941262,0.058738,outputs/checkpoints/best_resnet18_lr0.001.pth,0.001,6d6u2kul,17,0.8111888111888111
p9_img29,data/raw/p9_img29.png,ResNet18,resnet18,Good,0.766366,0.233634,outputs/checkpoints/best_resnet18_lr0.001.pth,0.001,6d6u2kul,17,0.8111888111888111
p9_img3,data/raw/p9_img3.png,ResNet18,resnet18,Bad,0.333345,0.666655,outputs/checkpoints/best_resnet18_lr0.001.pth,0.001,6d6u2kul,17,0.8111888111888111
p9_img4,data/raw/p9_img4.png,ResNet18,resnet18,Good,0.992002,0.007998,outputs/checkpoints/best_resnet18_lr0.001.pth,0.001,6d6u2kul,17,0.8111888111888111
p9_img5,data/raw/p9_img5.png,ResNet18,resnet18,Good,0.970752,0.029248,outputs/checkpoints/best_resnet18_lr0.001.pth,0.001,6d6u2kul,17,0.8111888111888111
p9_img6,data/raw/p9_img6.png,ResNet18,resnet18,Good,0.552081,0.447919,outputs/checkpoints/best_resnet18_lr0.001.pth,0.001,6d6u2kul,17,0.8111888111888111
p9_img7,data/raw/p9_img7.png,ResNet18,resnet18,Good,0.994396,0.005604,outputs/checkpoints/best_resnet18_lr0.001.pth,0.001,6d6u2kul,17,0.8111888111888111
p9_img8,data/raw/p9_img8.png,ResNet18,resnet18,Good,0.969886,0.030114,outputs/checkpoints/best_resnet18_lr0.001.pth,0.001,6d6u2kul,17,0.8111888111888111
p9_img9,data/raw/p9_img9.png,ResNet18,resnet18,Good,0.977521,0.022479,outputs/checkpoints/best_resnet18_lr0.001.pth,0.001,6d6u2kul,17,0.8111888111888111
p0_img0,data/raw/p0_img0.png,ResNet50,resnet50,Good,0.938972,0.061028,outputs/checkpoints/best_resnet50_lr0.0001.pth,0.0001,af8dkst0,5,0.8652482269503546
p0_img1,data/raw/p0_img1.png,ResNet50,resnet50,Good,0.892338,0.107662,outputs/checkpoints/best_resnet50_lr0.0001.pth,0.0001,af8dkst0,5,0.8652482269503546
p0_img10,data/raw/p0_img10.png,ResNet50,resnet50,Good,0.965185,0.034815,outputs/checkpoints/best_resnet50_lr0.0001.pth,0.0001,af8dkst0,5,0.8652482269503546
p0_img11,data/raw/p0_img11.png,ResNet50,resnet50,Good,0.951317,0.048683,outputs/checkpoints/best_resnet50_lr0.0001.pth,0.0001,af8dkst0,5,0.8652482269503546
p0_img12,data/raw/p0_img12.png,ResNet50,resnet50,Good,0.996608,0.003392,outputs/checkpoints/best_resnet50_lr0.0001.pth,0.0001,af8dkst0,5,0.8652482269503546
p0_img13,data/raw/p0_img13.png,ResNet50,resnet50,Good,0.997313,0.002687,outputs/checkpoints/best_resnet50_lr0.0001.pth,0.0001,af8dkst0,5,0.8652482269503546
p0_img14,data/raw/p0_img14.png,ResNet50,resnet50,Good,0.994625,0.005375,outputs/checkpoints/best_resnet50_lr0.0001.pth,0.0001,af8dkst0,5,0.8652482269503546
p0_img15,data/raw/p0_img15.png,ResNet50,resnet50,Good,0.999248,0.000752,outputs/checkpoints/best_resnet50_lr0.0001.pth,0.0001,af8dkst0,5,0.8652482269503546
p0_img16,data/raw/p0_img16.png,ResNet50,resnet50,Good,0.999437,0.000563,outputs/checkpoints/best_resnet50_lr0.0001.pth,0.0001,af8dkst0,5,0.8652482269503546
p0_img17,data/raw/p0_img17.png,ResNet50,resnet50,Good,0.999713,0.000287,outputs/checkpoints/best_resnet50_lr0.0001.pth,0.0001,af8dkst0,5,0.8652482269503546
p0_img18,data/raw/p0_img18.png,ResNet50,resnet50,Good,0.999996,4e-06,outputs/checkpoints/best_resnet50_lr0.0001.pth,0.0001,af8dkst0,5,0.8652482269503546
p0_img19,data/raw/p0_img19.png,ResNet50,resnet50,Good,0.999278,0.000722,outputs/checkpoints/best_resnet50_lr0.0001.pth,0.0001,af8dkst0,5,0.8652482269503546
p0_img2,data/raw/p0_img2.png,ResNet50,resnet50,Good,0.998972,0.001028,outputs/checkpoints/best_resnet50_lr0.0001.pth,0.0001,af8dkst0,5,0.8652482269503546
p0_img20,data/raw/p0_img20.png,ResNet50,resnet50,Good,0.94847,0.05153,outputs/checkpoints/best_resnet50_lr0.0001.pth,0.0001,af8dkst0,5,0.8652482269503546
p0_img21,data/raw/p0_img21.png,ResNet50,resnet50,Good,0.998084,0.001916,outputs/checkpoints/best_resnet50_lr0.0001.pth,0.0001,af8dkst0,5,0.8652482269503546
p0_img22,data/raw/p0_img22.png,ResNet50,resnet50,Good,0.997432,0.002568,outputs/checkpoints/best_resnet50_lr0.0001.pth,0.0001,af8dkst0,5,0.8652482269503546
p0_img23,data/raw/p0_img23.png,ResNet50,resnet50,Good,0.961851,0.038149,outputs/checkpoints/best_resnet50_lr0.0001.pth,0.0001,af8dkst0,5,0.8652482269503546
p0_img24,data/raw/p0_img24.png,ResNet50,resnet50,Good,0.983482,0.016518,outputs/checkpoints/best_resnet50_lr0.0001.pth,0.0001,af8dkst0,5,0.8652482269503546
p0_img25,data/raw/p0_img25.png,ResNet50,resnet50,Good,0.996818,0.003182,outputs/checkpoints/best_resnet50_lr0.0001.pth,0.0001,af8dkst0,5,0.8652482269503546
p0_img26,data/raw/p0_img26.png,ResNet50,resnet50,Good,0.982688,0.017312,outputs/checkpoints/best_resnet50_lr0.0001.pth,0.0001,af8dkst0,5,0.8652482269503546
p0_img27,data/raw/p0_img27.png,ResNet50,resnet50,Good,0.996029,0.003971,outputs/checkpoints/best_resnet50_lr0.0001.pth,0.0001,af8dkst0,5,0.8652482269503546
p0_img28,data/raw/p0_img28.png,ResNet50,resnet50,Good,0.989412,0.010588,outputs/checkpoints/best_resnet50_lr0.0001.pth,0.0001,af8dkst0,5,0.8652482269503546
p0_img29,data/raw/p0_img29.png,ResNet50,resnet50,Good,0.997724,0.002276,outputs/checkpoints/best_resnet50_lr0.0001.pth,0.0001,af8dkst0,5,0.8652482269503546
p0_img3,data/raw/p0_img3.png,ResNet50,resnet50,Good,0.999882,0.000118,outputs/checkpoints/best_resnet50_lr0.0001.pth,0.0001,af8dkst0,5,0.8652482269503546
p0_img4,data/raw/p0_img4.png,ResNet50,resnet50,Good,0.758039,0.241961,outputs/checkpoints/best_resnet50_lr0.0001.pth,0.0001,af8dkst0,5,0.8652482269503546
p0_img5,data/raw/p0_img5.png,ResNet50,resnet50,Good,0.999946,5.4e-05,outputs/checkpoints/best_resnet50_lr0.0001.pth,0.0001,af8dkst0,5,0.8652482269503546
p0_img6,data/raw/p0_img6.png,ResNet50,resnet50,Good,0.994396,0.005604,outputs/checkpoints/best_resnet50_lr0.0001.pth,0.0001,af8dkst0,5,0.8652482269503546
p0_img7,data/raw/p0_img7.png,ResNet50,resnet50,Good,0.999417,0.000583,outputs/checkpoints/best_resnet50_lr0.0001.pth,0.0001,af8dkst0,5,0.8652482269503546
p0_img8,data/raw/p0_img8.png,ResNet50,resnet50,Good,0.997078,0.002922,outputs/checkpoints/best_resnet50_lr0.0001.pth,0.0001,af8dkst0,5,0.8652482269503546
p0_img9,data/raw/p0_img9.png,ResNet50,resnet50,Good,0.999463,0.000537,outputs/checkpoints/best_resnet50_lr0.0001.pth,0.0001,af8dkst0,5,0.8652482269503546
p0_seed0,data/raw/p0_seed0.jpg,ResNet50,resnet50,Bad,0.47794,0.52206,outputs/checkpoints/best_resnet50_lr0.0001.pth,0.0001,af8dkst0,5,0.8652482269503546
p0_seed1,data/raw/p0_seed1.jpg,ResNet50,resnet50,Good,0.989713,0.010287,outputs/checkpoints/best_resnet50_lr0.0001.pth,0.0001,af8dkst0,5,0.8652482269503546
p0_seed10,data/raw/p0_seed10.jpg,ResNet50,resnet50,Good,0.998873,0.001127,outputs/checkpoints/best_resnet50_lr0.0001.pth,0.0001,af8dkst0,5,0.8652482269503546
p0_seed11,data/raw/p0_seed11.jpg,ResNet50,resnet50,Good,0.648553,0.351448,outputs/checkpoints/best_resnet50_lr0.0001.pth,0.0001,af8dkst0,5,0.8652482269503546
p0_seed12,data/raw/p0_seed12.jpg,ResNet50,resnet50,Good,0.662924,0.337076,outputs/checkpoints/best_resnet50_lr0.0001.pth,0.0001,af8dkst0,5,0.8652482269503546
p0_seed13,data/raw/p0_seed13.jpg,ResNet50,resnet50,Good,0.802347,0.197653,outputs/checkpoints/best_resnet50_lr0.0001.pth,0.0001,af8dkst0,5,0.8652482269503546
p0_seed14,data/raw/p0_seed14.jpg,ResNet50,resnet50,Good,0.935181,0.064819,outputs/checkpoints/best_resnet50_lr0.0001.pth,0.0001,af8dkst0,5,0.8652482269503546
p0_seed15,data/raw/p0_seed15.jpg,ResNet50,resnet50,Bad,0.369668,0.630332,outputs/checkpoints/best_resnet50_lr0.0001.pth,0.0001,af8dkst0,5,0.8652482269503546
p0_seed16,data/raw/p0_seed16.jpg,ResNet50,resnet50,Bad,0.499356,0.500644,outputs/checkpoints/best_resnet50_lr0.0001.pth,0.0001,af8dkst0,5,0.8652482269503546
p0_seed17,data/raw/p0_seed17.jpg,ResNet50,resnet50,Bad,0.392538,0.607462,outputs/checkpoints/best_resnet50_lr0.0001.pth,0.0001,af8dkst0,5,0.8652482269503546
p0_seed18,data/raw/p0_seed18.jpg,ResNet50,resnet50,Good,0.672817,0.327183,outputs/checkpoints/best_resnet50_lr0.0001.pth,0.0001,af8dkst0,5,0.8652482269503546
p0_seed19,data/raw/p0_seed19.jpg,ResNet50,resnet50,Good,0.768483,0.231518,outputs/checkpoints/best_resnet50_lr0.0001.pth,0.0001,af8dkst0,5,0.8652482269503546
p0_seed2,data/raw/p0_seed2.jpg,ResNet50,resnet50,Bad,0.447976,0.552024,outputs/checkpoints/best_resnet50_lr0.0001.pth,0.0001,af8dkst0,5,0.8652482269503546
p0_seed20,data/raw/p0_seed20.jpg,ResNet50,resnet50,Good,0.865091,0.134909,outputs/checkpoints/best_resnet50_lr0.0001.pth,0.0001,af8dkst0,5,0.8652482269503546
p0_seed21,data/raw/p0_seed21.jpg,ResNet50,resnet50,Bad,0.408707,0.591293,outputs/checkpoints/best_resnet50_lr0.0001.pth,0.0001,af8dkst0,5,0.8652482269503546
p0_seed22,data/raw/p0_seed22.jpg,ResNet50,resnet50,Good,0.841632,0.158368,outputs/checkpoints/best_resnet50_lr0.0001.pth,0.0001,af8dkst0,5,0.8652482269503546
p0_seed23,data/raw/p0_seed23.jpg,ResNet50,resnet50,Good,0.764745,0.235255,outputs/checkpoints/best_resnet50_lr0.0001.pth,0.0001,af8dkst0,5,0.8652482269503546
p0_seed24,data/raw/p0_seed24.jpg,ResNet50,resnet50,Good,0.774896,0.225104,outputs/checkpoints/best_resnet50_lr0.0001.pth,0.0001,af8dkst0,5,0.8652482269503546
p0_seed25,data/raw/p0_seed25.jpg,ResNet50,resnet50,Good,0.990227,0.009773,outputs/checkpoints/best_resnet50_lr0.0001.pth,0.0001,af8dkst0,5,0.8652482269503546
p0_seed26,data/raw/p0_seed26.jpg,ResNet50,resnet50,Bad,0.300292,0.699708,outputs/checkpoints/best_resnet50_lr0.0001.pth,0.0001,af8dkst0,5,0.8652482269503546
p0_seed27,data/raw/p0_seed27.jpg,ResNet50,resnet50,Bad,0.468402,0.531598,outputs/checkpoints/best_resnet50_lr0.0001.pth,0.0001,af8dkst0,5,0.8652482269503546
p0_seed28,data/raw/p0_seed28.jpg,ResNet50,resnet50,Good,0.998917,0.001083,outputs/checkpoints/best_resnet50_lr0.0001.pth,0.0001,af8dkst0,5,0.8652482269503546
p0_seed29,data/raw/p0_seed29.jpg,ResNet50,resnet50,Good,0.749029,0.250971,outputs/checkpoints/best_resnet50_lr0.0001.pth,0.0001,af8dkst0,5,0.8652482269503546
p0_seed3,data/raw/p0_seed3.jpg,ResNet50,resnet50,Bad,0.439816,0.560184,outputs/checkpoints/best_resnet50_lr0.0001.pth,0.0001,af8dkst0,5,0.8652482269503546
p0_seed4,data/raw/p0_seed4.jpg,ResNet50,resnet50,Good,0.995174,0.004826,outputs/checkpoints/best_resnet50_lr0.0001.pth,0.0001,af8dkst0,5,0.8652482269503546
p0_seed5,data/raw/p0_seed5.jpg,ResNet50,resnet50,Good,0.972376,0.027624,outputs/checkpoints/best_resnet50_lr0.0001.pth,0.0001,af8dkst0,5,0.8652482269503546
p0_seed6,data/raw/p0_seed6.jpg,ResNet50,resnet50,Bad,0.367767,0.632233,outputs/checkpoints/best_resnet50_lr0.0001.pth,0.0001,af8dkst0,5,0.8652482269503546
p0_seed7,data/raw/p0_seed7.jpg,ResNet50,resnet50,Bad,0.369419,0.630581,outputs/checkpoints/best_resnet50_lr0.0001.pth,0.0001,af8dkst0,5,0.8652482269503546
p0_seed8,data/raw/p0_seed8.jpg,ResNet50,resnet50,Bad,0.298597,0.701403,outputs/checkpoints/best_resnet50_lr0.0001.pth,0.0001,af8dkst0,5,0.8652482269503546
p0_seed9,data/raw/p0_seed9.jpg,ResNet50,resnet50,Good,0.98396,0.01604,outputs/checkpoints/best_resnet50_lr0.0001.pth,0.0001,af8dkst0,5,0.8652482269503546
p1_img0,data/raw/p1_img0.png,ResNet50,resnet50,Bad,0.360312,0.639688,outputs/checkpoints/best_resnet50_lr0.0001.pth,0.0001,af8dkst0,5,0.8652482269503546
p1_img1,data/raw/p1_img1.png,ResNet50,resnet50,Bad,0.456931,0.543069,outputs/checkpoints/best_resnet50_lr0.0001.pth,0.0001,af8dkst0,5,0.8652482269503546
p1_img10,data/raw/p1_img10.png,ResNet50,resnet50,Good,0.945496,0.054504,outputs/checkpoints/best_resnet50_lr0.0001.pth,0.0001,af8dkst0,5,0.8652482269503546
p1_img11,data/raw/p1_img11.png,ResNet50,resnet50,Good,0.975217,0.024783,outputs/checkpoints/best_resnet50_lr0.0001.pth,0.0001,af8dkst0,5,0.8652482269503546
p1_img12,data/raw/p1_img12.png,ResNet50,resnet50,Good,0.825917,0.174083,outputs/checkpoints/best_resnet50_lr0.0001.pth,0.0001,af8dkst0,5,0.8652482269503546
p1_img13,data/raw/p1_img13.png,ResNet50,resnet50,Good,0.980581,0.019419,outputs/checkpoints/best_resnet50_lr0.0001.pth,0.0001,af8dkst0,5,0.8652482269503546
p1_img14,data/raw/p1_img14.png,ResNet50,resnet50,Good,0.816722,0.183278,outputs/checkpoints/best_resnet50_lr0.0001.pth,0.0001,af8dkst0,5,0.8652482269503546
p1_img15,data/raw/p1_img15.png,ResNet50,resnet50,Good,0.796698,0.203302,outputs/checkpoints/best_resnet50_lr0.0001.pth,0.0001,af8dkst0,5,0.8652482269503546
p1_img16,data/raw/p1_img16.png,ResNet50,resnet50,Good,0.997359,0.002641,outputs/checkpoints/best_resnet50_lr0.0001.pth,0.0001,af8dkst0,5,0.8652482269503546
p1_img17,data/raw/p1_img17.png,ResNet50,resnet50,Good,0.994926,0.005074,outputs/checkpoints/best_resnet50_lr0.0001.pth,0.0001,af8dkst0,5,0.8652482269503546
p1_img18,data/raw/p1_img18.png,ResNet50,resnet50,Good,0.816979,0.183021,outputs/checkpoints/best_resnet50_lr0.0001.pth,0.0001,af8dkst0,5,0.8652482269503546
p1_img19,data/raw/p1_img19.png,ResNet50,resnet50,Good,0.923521,0.076479,outputs/checkpoints/best_resnet50_lr0.0001.pth,0.0001,af8dkst0,5,0.8652482269503546
p1_img2,data/raw/p1_img2.png,ResNet50,resnet50,Bad,0.405628,0.594372,outputs/checkpoints/best_resnet50_lr0.0001.pth,0.0001,af8dkst0,5,0.8652482269503546
p1_img20,data/raw/p1_img20.png,ResNet50,resnet50,Good,0.888526,0.111474,outputs/checkpoints/best_resnet50_lr0.0001.pth,0.0001,af8dkst0,5,0.8652482269503546
p1_img21,data/raw/p1_img21.png,ResNet50,resnet50,Good,0.961658,0.038342,outputs/checkpoints/best_resnet50_lr0.0001.pth,0.0001,af8dkst0,5,0.8652482269503546
p1_img22,data/raw/p1_img22.png,ResNet50,resnet50,Good,0.968882,0.031118,outputs/checkpoints/best_resnet50_lr0.0001.pth,0.0001,af8dkst0,5,0.8652482269503546
p1_img23,data/raw/p1_img23.png,ResNet50,resnet50,Good,0.564265,0.435735,outputs/checkpoints/best_resnet50_lr0.0001.pth,0.0001,af8dkst0,5,0.8652482269503546
p1_img24,data/raw/p1_img24.png,ResNet50,resnet50,Good,0.983012,0.016988,outputs/checkpoints/best_resnet50_lr0.0001.pth,0.0001,af8dkst0,5,0.8652482269503546
p1_img25,data/raw/p1_img25.png,ResNet50,resnet50,Good,0.829967,0.170033,outputs/checkpoints/best_resnet50_lr0.0001.pth,0.0001,af8dkst0,5,0.8652482269503546
p1_img26,data/raw/p1_img26.png,ResNet50,resnet50,Bad,0.331909,0.668091,outputs/checkpoints/best_resnet50_lr0.0001.pth,0.0001,af8dkst0,5,0.8652482269503546
p1_img27,data/raw/p1_img27.png,ResNet50,resnet50,Bad,0.322735,0.677265,outputs/checkpoints/best_resnet50_lr0.0001.pth,0.0001,af8dkst0,5,0.8652482269503546
p1_img28,data/raw/p1_img28.png,ResNet50,resnet50,Good,0.981937,0.018063,outputs/checkpoints/best_resnet50_lr0.0001.pth,0.0001,af8dkst0,5,0.8652482269503546
p1_img29,data/raw/p1_img29.png,ResNet50,resnet50,Good,0.602096,0.397904,outputs/checkpoints/best_resnet50_lr0.0001.pth,0.0001,af8dkst0,5,0.8652482269503546
p1_img3,data/raw/p1_img3.png,ResNet50,resnet50,Good,0.798914,0.201086,outputs/checkpoints/best_resnet50_lr0.0001.pth,0.0001,af8dkst0,5,0.8652482269503546
p1_img4,data/raw/p1_img4.png,ResNet50,resnet50,Good,0.955431,0.044569,outputs/checkpoints/best_resnet50_lr0.0001.pth,0.0001,af8dkst0,5,0.8652482269503546
p1_img5,data/raw/p1_img5.png,ResNet50,resnet50,Good,0.678088,0.321912,outputs/checkpoints/best_resnet50_lr0.0001.pth,0.0001,af8dkst0,5,0.8652482269503546
p1_img6,data/raw/p1_img6.png,ResNet50,resnet50,Bad,0.376257,0.623743,outputs/checkpoints/best_resnet50_lr0.0001.pth,0.0001,af8dkst0,5,0.8652482269503546
p1_img7,data/raw/p1_img7.png,ResNet50,resnet50,Good,0.957157,0.042843,outputs/checkpoints/best_resnet50_lr0.0001.pth,0.0001,af8dkst0,5,0.8652482269503546
p1_img8,data/raw/p1_img8.png,ResNet50,resnet50,Good,0.960548,0.039452,outputs/checkpoints/best_resnet50_lr0.0001.pth,0.0001,af8dkst0,5,0.8652482269503546
p1_img9,data/raw/p1_img9.png,ResNet50,resnet50,Good,0.994962,0.005038,outputs/checkpoints/best_resnet50_lr0.0001.pth,0.0001,af8dkst0,5,0.8652482269503546
p1_seed0,data/raw/p1_seed0.jpg,ResNet50,resnet50,Good,0.502706,0.497294,outputs/checkpoints/best_resnet50_lr0.0001.pth,0.0001,af8dkst0,5,0.8652482269503546
p1_seed1,data/raw/p1_seed1.jpg,ResNet50,resnet50,Good,0.969729,0.03027,outputs/checkpoints/best_resnet50_lr0.0001.pth,0.0001,af8dkst0,5,0.8652482269503546
p1_seed10,data/raw/p1_seed10.jpg,ResNet50,resnet50,Good,0.514659,0.485341,outputs/checkpoints/best_resnet50_lr0.0001.pth,0.0001,af8dkst0,5,0.8652482269503546
p1_seed11,data/raw/p1_seed11.jpg,ResNet50,resnet50,Bad,0.402267,0.597733,outputs/checkpoints/best_resnet50_lr0.0001.pth,0.0001,af8dkst0,5,0.8652482269503546
p1_seed12,data/raw/p1_seed12.jpg,ResNet50,resnet50,Good,0.540034,0.459966,outputs/checkpoints/best_resnet50_lr0.0001.pth,0.0001,af8dkst0,5,0.8652482269503546
p1_seed13,data/raw/p1_seed13.jpg,ResNet50,resnet50,Good,0.548833,0.451167,outputs/checkpoints/best_resnet50_lr0.0001.pth,0.0001,af8dkst0,5,0.8652482269503546
p1_seed14,data/raw/p1_seed14.jpg,ResNet50,resnet50,Bad,0.305722,0.694278,outputs/checkpoints/best_resnet50_lr0.0001.pth,0.0001,af8dkst0,5,0.8652482269503546
p1_seed15,data/raw/p1_seed15.jpg,ResNet50,resnet50,Bad,0.387932,0.612068,outputs/checkpoints/best_resnet50_lr0.0001.pth,0.0001,af8dkst0,5,0.8652482269503546
p1_seed16,data/raw/p1_seed16.jpg,ResNet50,resnet50,Good,0.537627,0.462373,outputs/checkpoints/best_resnet50_lr0.0001.pth,0.0001,af8dkst0,5,0.8652482269503546
p1_seed17,data/raw/p1_seed17.jpg,ResNet50,resnet50,Bad,0.460815,0.539185,outputs/checkpoints/best_resnet50_lr0.0001.pth,0.0001,af8dkst0,5,0.8652482269503546
p1_seed18,data/raw/p1_seed18.jpg,ResNet50,resnet50,Good,0.757442,0.242558,outputs/checkpoints/best_resnet50_lr0.0001.pth,0.0001,af8dkst0,5,0.8652482269503546
p1_seed19,data/raw/p1_seed19.jpg,ResNet50,resnet50,Good,0.601287,0.398713,outputs/checkpoints/best_resnet50_lr0.0001.pth,0.0001,af8dkst0,5,0.8652482269503546
p1_seed2,data/raw/p1_seed2.jpg,ResNet50,resnet50,Good,0.581533,0.418467,outputs/checkpoints/best_resnet50_lr0.0001.pth,0.0001,af8dkst0,5,0.8652482269503546
p1_seed20,data/raw/p1_seed20.jpg,ResNet50,resnet50,Good,0.679966,0.320034,outputs/checkpoints/best_resnet50_lr0.0001.pth,0.0001,af8dkst0,5,0.8652482269503546
p1_seed21,data/raw/p1_seed21.jpg,ResNet50,resnet50,Bad,0.392944,0.607056,outputs/checkpoints/best_resnet50_lr0.0001.pth,0.0001,af8dkst0,5,0.8652482269503546
p1_seed22,data/raw/p1_seed22.jpg,ResNet50,resnet50,Bad,0.290821,0.709179,outputs/checkpoints/best_resnet50_lr0.0001.pth,0.0001,af8dkst0,5,0.8652482269503546
p1_seed23,data/raw/p1_seed23.jpg,ResNet50,resnet50,Bad,0.409346,0.590654,outputs/checkpoints/best_resnet50_lr0.0001.pth,0.0001,af8dkst0,5,0.8652482269503546
p1_seed24,data/raw/p1_seed24.jpg,ResNet50,resnet50,Bad,0.401401,0.598599,outputs/checkpoints/best_resnet50_lr0.0001.pth,0.0001,af8dkst0,5,0.8652482269503546
p1_seed25,data/raw/p1_seed25.jpg,ResNet50,resnet50,Bad,0.305565,0.694435,outputs/checkpoints/best_resnet50_lr0.0001.pth,0.0001,af8dkst0,5,0.8652482269503546
p1_seed26,data/raw/p1_seed26.jpg,ResNet50,resnet50,Bad,0.445686,0.554314,outputs/checkpoints/best_resnet50_lr0.0001.pth,0.0001,af8dkst0,5,0.8652482269503546
p1_seed27,data/raw/p1_seed27.jpg,ResNet50,resnet50,Good,0.518875,0.481125,outputs/checkpoints/best_resnet50_lr0.0001.pth,0.0001,af8dkst0,5,0.8652482269503546
p1_seed28,data/raw/p1_seed28.jpg,ResNet50,resnet50,Good,0.954258,0.045742,outputs/checkpoints/best_resnet50_lr0.0001.pth,0.0001,af8dkst0,5,0.8652482269503546
p1_seed29,data/raw/p1_seed29.jpg,ResNet50,resnet50,Bad,0.491423,0.508577,outputs/checkpoints/best_resnet50_lr0.0001.pth,0.0001,af8dkst0,5,0.8652482269503546
p1_seed3,data/raw/p1_seed3.jpg,ResNet50,resnet50,Good,0.800033,0.199967,outputs/checkpoints/best_resnet50_lr0.0001.pth,0.0001,af8dkst0,5,0.8652482269503546
p1_seed4,data/raw/p1_seed4.jpg,ResNet50,resnet50,Good,0.611916,0.388084,outputs/checkpoints/best_resnet50_lr0.0001.pth,0.0001,af8dkst0,5,0.8652482269503546
p1_seed5,data/raw/p1_seed5.jpg,ResNet50,resnet50,Bad,0.452167,0.547833,outputs/checkpoints/best_resnet50_lr0.0001.pth,0.0001,af8dkst0,5,0.8652482269503546
p1_seed6,data/raw/p1_seed6.jpg,ResNet50,resnet50,Good,0.554533,0.445467,outputs/checkpoints/best_resnet50_lr0.0001.pth,0.0001,af8dkst0,5,0.8652482269503546
p1_seed7,data/raw/p1_seed7.jpg,ResNet50,resnet50,Good,0.515615,0.484385,outputs/checkpoints/best_resnet50_lr0.0001.pth,0.0001,af8dkst0,5,0.8652482269503546
p1_seed8,data/raw/p1_seed8.jpg,ResNet50,resnet50,Bad,0.353758,0.646242,outputs/checkpoints/best_resnet50_lr0.0001.pth,0.0001,af8dkst0,5,0.8652482269503546
p1_seed9,data/raw/p1_seed9.jpg,ResNet50,resnet50,Good,0.886464,0.113536,outputs/checkpoints/best_resnet50_lr0.0001.pth,0.0001,af8dkst0,5,0.8652482269503546
p2_img0,data/raw/p2_img0.png,ResNet50,resnet50,Good,0.679874,0.320126,outputs/checkpoints/best_resnet50_lr0.0001.pth,0.0001,af8dkst0,5,0.8652482269503546
p2_img1,data/raw/p2_img1.png,ResNet50,resnet50,Good,0.586771,0.413229,outputs/checkpoints/best_resnet50_lr0.0001.pth,0.0001,af8dkst0,5,0.8652482269503546
p2_img10,data/raw/p2_img10.png,ResNet50,resnet50,Good,0.94694,0.05306,outputs/checkpoints/best_resnet50_lr0.0001.pth,0.0001,af8dkst0,5,0.8652482269503546
p2_img11,data/raw/p2_img11.png,ResNet50,resnet50,Good,0.915997,0.084003,outputs/checkpoints/best_resnet50_lr0.0001.pth,0.0001,af8dkst0,5,0.8652482269503546
p2_img12,data/raw/p2_img12.png,ResNet50,resnet50,Good,0.915918,0.084082,outputs/checkpoints/best_resnet50_lr0.0001.pth,0.0001,af8dkst0,5,0.8652482269503546
p2_img13,data/raw/p2_img13.png,ResNet50,resnet50,Good,0.999732,0.000268,outputs/checkpoints/best_resnet50_lr0.0001.pth,0.0001,af8dkst0,5,0.8652482269503546
p2_img14,data/raw/p2_img14.png,ResNet50,resnet50,Good,0.917298,0.082702,outputs/checkpoints/best_resnet50_lr0.0001.pth,0.0001,af8dkst0,5,0.8652482269503546
p2_img15,data/raw/p2_img15.png,ResNet50,resnet50,Good,0.915455,0.084545,outputs/checkpoints/best_resnet50_lr0.0001.pth,0.0001,af8dkst0,5,0.8652482269503546
p2_img16,data/raw/p2_img16.png,ResNet50,resnet50,Good,0.935609,0.064391,outputs/checkpoints/best_resnet50_lr0.0001.pth,0.0001,af8dkst0,5,0.8652482269503546
p2_img17,data/raw/p2_img17.png,ResNet50,resnet50,Good,0.98289,0.01711,outputs/checkpoints/best_resnet50_lr0.0001.pth,0.0001,af8dkst0,5,0.8652482269503546
p2_img18,data/raw/p2_img18.png,ResNet50,resnet50,Good,0.781115,0.218885,outputs/checkpoints/best_resnet50_lr0.0001.pth,0.0001,af8dkst0,5,0.8652482269503546
p2_img19,data/raw/p2_img19.png,ResNet50,resnet50,Good,0.955269,0.044731,outputs/checkpoints/best_resnet50_lr0.0001.pth,0.0001,af8dkst0,5,0.8652482269503546
p2_img2,data/raw/p2_img2.png,ResNet50,resnet50,Good,0.984848,0.015152,outputs/checkpoints/best_resnet50_lr0.0001.pth,0.0001,af8dkst0,5,0.8652482269503546
p2_img20,data/raw/p2_img20.png,ResNet50,resnet50,Good,0.97618,0.02382,outputs/checkpoints/best_resnet50_lr0.0001.pth,0.0001,af8dkst0,5,0.8652482269503546
p2_img21,data/raw/p2_img21.png,ResNet50,resnet50,Good,0.97131,0.02869,outputs/checkpoints/best_resnet50_lr0.0001.pth,0.0001,af8dkst0,5,0.8652482269503546
p2_img22,data/raw/p2_img22.png,ResNet50,resnet50,Good,0.996914,0.003086,outputs/checkpoints/best_resnet50_lr0.0001.pth,0.0001,af8dkst0,5,0.8652482269503546
p2_img23,data/raw/p2_img23.png,ResNet50,resnet50,Good,0.906112,0.093888,outputs/checkpoints/best_resnet50_lr0.0001.pth,0.0001,af8dkst0,5,0.8652482269503546
p2_img24,data/raw/p2_img24.png,ResNet50,resnet50,Good,0.995743,0.004257,outputs/checkpoints/best_resnet50_lr0.0001.pth,0.0001,af8dkst0,5,0.8652482269503546
p2_img25,data/raw/p2_img25.png,ResNet50,resnet50,Good,0.998492,0.001508,outputs/checkpoints/best_resnet50_lr0.0001.pth,0.0001,af8dkst0,5,0.8652482269503546
p2_img26,data/raw/p2_img26.png,ResNet50,resnet50,Good,0.635194,0.364806,outputs/checkpoints/best_resnet50_lr0.0001.pth,0.0001,af8dkst0,5,0.8652482269503546
p2_img27,data/raw/p2_img27.png,ResNet50,resnet50,Good,0.961016,0.038984,outputs/checkpoints/best_resnet50_lr0.0001.pth,0.0001,af8dkst0,5,0.8652482269503546
p2_img28,data/raw/p2_img28.png,ResNet50,resnet50,Good,0.604741,0.395259,outputs/checkpoints/best_resnet50_lr0.0001.pth,0.0001,af8dkst0,5,0.8652482269503546
p2_img29,data/raw/p2_img29.png,ResNet50,resnet50,Good,0.967768,0.032232,outputs/checkpoints/best_resnet50_lr0.0001.pth,0.0001,af8dkst0,5,0.8652482269503546
p2_img3,data/raw/p2_img3.png,ResNet50,resnet50,Good,0.960628,0.039372,outputs/checkpoints/best_resnet50_lr0.0001.pth,0.0001,af8dkst0,5,0.8652482269503546
p2_img4,data/raw/p2_img4.png,ResNet50,resnet50,Good,0.691764,0.308236,outputs/checkpoints/best_resnet50_lr0.0001.pth,0.0001,af8dkst0,5,0.8652482269503546
p2_img5,data/raw/p2_img5.png,ResNet50,resnet50,Good,0.968285,0.031715,outputs/checkpoints/best_resnet50_lr0.0001.pth,0.0001,af8dkst0,5,0.8652482269503546
p2_img6,data/raw/p2_img6.png,ResNet50,resnet50,Good,0.747009,0.252991,outputs/checkpoints/best_resnet50_lr0.0001.pth,0.0001,af8dkst0,5,0.8652482269503546
p2_img7,data/raw/p2_img7.png,ResNet50,resnet50,Good,0.957305,0.042695,outputs/checkpoints/best_resnet50_lr0.0001.pth,0.0001,af8dkst0,5,0.8652482269503546
p2_img8,data/raw/p2_img8.png,ResNet50,resnet50,Good,0.984344,0.015656,outputs/checkpoints/best_resnet50_lr0.0001.pth,0.0001,af8dkst0,5,0.8652482269503546
p2_img9,data/raw/p2_img9.png,ResNet50,resnet50,Good,0.769496,0.230504,outputs/checkpoints/best_resnet50_lr0.0001.pth,0.0001,af8dkst0,5,0.8652482269503546
p2_seed0,data/raw/p2_seed0.jpg,ResNet50,resnet50,Good,0.998541,0.001459,outputs/checkpoints/best_resnet50_lr0.0001.pth,0.0001,af8dkst0,5,0.8652482269503546
p2_seed1,data/raw/p2_seed1.jpg,ResNet50,resnet50,Good,0.966313,0.033687,outputs/checkpoints/best_resnet50_lr0.0001.pth,0.0001,af8dkst0,5,0.8652482269503546
p2_seed10,data/raw/p2_seed10.jpg,ResNet50,resnet50,Good,0.998046,0.001954,outputs/checkpoints/best_resnet50_lr0.0001.pth,0.0001,af8dkst0,5,0.8652482269503546
p2_seed11,data/raw/p2_seed11.jpg,ResNet50,resnet50,Good,0.997637,0.002363,outputs/checkpoints/best_resnet50_lr0.0001.pth,0.0001,af8dkst0,5,0.8652482269503546
p2_seed12,data/raw/p2_seed12.jpg,ResNet50,resnet50,Good,0.978545,0.021455,outputs/checkpoints/best_resnet50_lr0.0001.pth,0.0001,af8dkst0,5,0.8652482269503546
p2_seed13,data/raw/p2_seed13.jpg,ResNet50,resnet50,Good,0.979278,0.020722,outputs/checkpoints/best_resnet50_lr0.0001.pth,0.0001,af8dkst0,5,0.8652482269503546
p2_seed14,data/raw/p2_seed14.jpg,ResNet50,resnet50,Bad,0.403161,0.596839,outputs/checkpoints/best_resnet50_lr0.0001.pth,0.0001,af8dkst0,5,0.8652482269503546
p2_seed15,data/raw/p2_seed15.jpg,ResNet50,resnet50,Good,0.950759,0.049241,outputs/checkpoints/best_resnet50_lr0.0001.pth,0.0001,af8dkst0,5,0.8652482269503546
p2_seed16,data/raw/p2_seed16.jpg,ResNet50,resnet50,Good,0.932132,0.067867,outputs/checkpoints/best_resnet50_lr0.0001.pth,0.0001,af8dkst0,5,0.8652482269503546
p2_seed17,data/raw/p2_seed17.jpg,ResNet50,resnet50,Bad,0.410571,0.589429,outputs/checkpoints/best_resnet50_lr0.0001.pth,0.0001,af8dkst0,5,0.8652482269503546
p2_seed18,data/raw/p2_seed18.jpg,ResNet50,resnet50,Bad,0.292793,0.707207,outputs/checkpoints/best_resnet50_lr0.0001.pth,0.0001,af8dkst0,5,0.8652482269503546
p2_seed19,data/raw/p2_seed19.jpg,ResNet50,resnet50,Good,0.885946,0.114054,outputs/checkpoints/best_resnet50_lr0.0001.pth,0.0001,af8dkst0,5,0.8652482269503546
p2_seed2,data/raw/p2_seed2.jpg,ResNet50,resnet50,Good,0.98071,0.01929,outputs/checkpoints/best_resnet50_lr0.0001.pth,0.0001,af8dkst0,5,0.8652482269503546
p2_seed20,data/raw/p2_seed20.jpg,ResNet50,resnet50,Good,0.999524,0.000476,outputs/checkpoints/best_resnet50_lr0.0001.pth,0.0001,af8dkst0,5,0.8652482269503546
p2_seed21,data/raw/p2_seed21.jpg,ResNet50,resnet50,Good,0.908124,0.091876,outputs/checkpoints/best_resnet50_lr0.0001.pth,0.0001,af8dkst0,5,0.8652482269503546
p2_seed22,data/raw/p2_seed22.jpg,ResNet50,resnet50,Good,0.951697,0.048303,outputs/checkpoints/best_resnet50_lr0.0001.pth,0.0001,af8dkst0,5,0.8652482269503546
p2_seed23,data/raw/p2_seed23.jpg,ResNet50,resnet50,Good,0.996796,0.003204,outputs/checkpoints/best_resnet50_lr0.0001.pth,0.0001,af8dkst0,5,0.8652482269503546
p2_seed24,data/raw/p2_seed24.jpg,ResNet50,resnet50,Good,0.980686,0.019314,outputs/checkpoints/best_resnet50_lr0.0001.pth,0.0001,af8dkst0,5,0.8652482269503546
p2_seed25,data/raw/p2_seed25.jpg,ResNet50,resnet50,Good,0.930317,0.069683,outputs/checkpoints/best_resnet50_lr0.0001.pth,0.0001,af8dkst0,5,0.8652482269503546
p2_seed26,data/raw/p2_seed26.jpg,ResNet50,resnet50,Good,0.594632,0.405368,outputs/checkpoints/best_resnet50_lr0.0001.pth,0.0001,af8dkst0,5,0.8652482269503546
p2_seed27,data/raw/p2_seed27.jpg,ResNet50,resnet50,Good,0.973561,0.026439,outputs/checkpoints/best_resnet50_lr0.0001.pth,0.0001,af8dkst0,5,0.8652482269503546
p2_seed28,data/raw/p2_seed28.jpg,ResNet50,resnet50,Good,0.909468,0.090532,outputs/checkpoints/best_resnet50_lr0.0001.pth,0.0001,af8dkst0,5,0.8652482269503546
p2_seed29,data/raw/p2_seed29.jpg,ResNet50,resnet50,Good,0.988721,0.011278,outputs/checkpoints/best_resnet50_lr0.0001.pth,0.0001,af8dkst0,5,0.8652482269503546
p2_seed3,data/raw/p2_seed3.jpg,ResNet50,resnet50,Good,0.716769,0.283231,outputs/checkpoints/best_resnet50_lr0.0001.pth,0.0001,af8dkst0,5,0.8652482269503546
p2_seed4,data/raw/p2_seed4.jpg,ResNet50,resnet50,Good,0.972624,0.027376,outputs/checkpoints/best_resnet50_lr0.0001.pth,0.0001,af8dkst0,5,0.8652482269503546
p2_seed5,data/raw/p2_seed5.jpg,ResNet50,resnet50,Good,0.996477,0.003523,outputs/checkpoints/best_resnet50_lr0.0001.pth,0.0001,af8dkst0,5,0.8652482269503546
p2_seed6,data/raw/p2_seed6.jpg,ResNet50,resnet50,Good,0.983693,0.016307,outputs/checkpoints/best_resnet50_lr0.0001.pth,0.0001,af8dkst0,5,0.8652482269503546
p2_seed7,data/raw/p2_seed7.jpg,ResNet50,resnet50,Good,0.996681,0.003319,outputs/checkpoints/best_resnet50_lr0.0001.pth,0.0001,af8dkst0,5,0.8652482269503546
p2_seed8,data/raw/p2_seed8.jpg,ResNet50,resnet50,Good,0.996797,0.003203,outputs/checkpoints/best_resnet50_lr0.0001.pth,0.0001,af8dkst0,5,0.8652482269503546
p2_seed9,data/raw/p2_seed9.jpg,ResNet50,resnet50,Good,0.99981,0.00019,outputs/checkpoints/best_resnet50_lr0.0001.pth,0.0001,af8dkst0,5,0.8652482269503546
p3_img0,data/raw/p3_img0.png,ResNet50,resnet50,Good,0.531011,0.468989,outputs/checkpoints/best_resnet50_lr0.0001.pth,0.0001,af8dkst0,5,0.8652482269503546
p3_img1,data/raw/p3_img1.png,ResNet50,resnet50,Bad,0.498204,0.501796,outputs/checkpoints/best_resnet50_lr0.0001.pth,0.0001,af8dkst0,5,0.8652482269503546
p3_img10,data/raw/p3_img10.png,ResNet50,resnet50,Good,0.848392,0.151608,outputs/checkpoints/best_resnet50_lr0.0001.pth,0.0001,af8dkst0,5,0.8652482269503546
p3_img11,data/raw/p3_img11.png,ResNet50,resnet50,Good,0.66734,0.33266,outputs/checkpoints/best_resnet50_lr0.0001.pth,0.0001,af8dkst0,5,0.8652482269503546
p3_img12,data/raw/p3_img12.png,ResNet50,resnet50,Bad,0.488856,0.511145,outputs/checkpoints/best_resnet50_lr0.0001.pth,0.0001,af8dkst0,5,0.8652482269503546
p3_img13,data/raw/p3_img13.png,ResNet50,resnet50,Good,0.999081,0.000919,outputs/checkpoints/best_resnet50_lr0.0001.pth,0.0001,af8dkst0,5,0.8652482269503546
p3_img14,data/raw/p3_img14.png,ResNet50,resnet50,Good,0.935617,0.064383,outputs/checkpoints/best_resnet50_lr0.0001.pth,0.0001,af8dkst0,5,0.8652482269503546
p3_img15,data/raw/p3_img15.png,ResNet50,resnet50,Good,0.890137,0.109863,outputs/checkpoints/best_resnet50_lr0.0001.pth,0.0001,af8dkst0,5,0.8652482269503546
p3_img16,data/raw/p3_img16.png,ResNet50,resnet50,Good,0.962628,0.037372,outputs/checkpoints/best_resnet50_lr0.0001.pth,0.0001,af8dkst0,5,0.8652482269503546
p3_img17,data/raw/p3_img17.png,ResNet50,resnet50,Good,0.990117,0.009883,outputs/checkpoints/best_resnet50_lr0.0001.pth,0.0001,af8dkst0,5,0.8652482269503546
p3_img18,data/raw/p3_img18.png,ResNet50,resnet50,Good,0.732651,0.267349,outputs/checkpoints/best_resnet50_lr0.0001.pth,0.0001,af8dkst0,5,0.8652482269503546
p3_img19,data/raw/p3_img19.png,ResNet50,resnet50,Good,0.734883,0.265117,outputs/checkpoints/best_resnet50_lr0.0001.pth,0.0001,af8dkst0,5,0.8652482269503546
p3_img2,data/raw/p3_img2.png,ResNet50,resnet50,Bad,0.465591,0.534409,outputs/checkpoints/best_resnet50_lr0.0001.pth,0.0001,af8dkst0,5,0.8652482269503546
p3_img20,data/raw/p3_img20.png,ResNet50,resnet50,Bad,0.472348,0.527652,outputs/checkpoints/best_resnet50_lr0.0001.pth,0.0001,af8dkst0,5,0.8652482269503546
p3_img21,data/raw/p3_img21.png,ResNet50,resnet50,Good,0.995136,0.004864,outputs/checkpoints/best_resnet50_lr0.0001.pth,0.0001,af8dkst0,5,0.8652482269503546
p3_img22,data/raw/p3_img22.png,ResNet50,resnet50,Good,0.996027,0.003973,outputs/checkpoints/best_resnet50_lr0.0001.pth,0.0001,af8dkst0,5,0.8652482269503546
p3_img23,data/raw/p3_img23.png,ResNet50,resnet50,Good,0.995021,0.004979,outputs/checkpoints/best_resnet50_lr0.0001.pth,0.0001,af8dkst0,5,0.8652482269503546
p3_img24,data/raw/p3_img24.png,ResNet50,resnet50,Good,0.989058,0.010942,outputs/checkpoints/best_resnet50_lr0.0001.pth,0.0001,af8dkst0,5,0.8652482269503546
p3_img25,data/raw/p3_img25.png,ResNet50,resnet50,Good,0.976579,0.023421,outputs/checkpoints/best_resnet50_lr0.0001.pth,0.0001,af8dkst0,5,0.8652482269503546
p3_img26,data/raw/p3_img26.png,ResNet50,resnet50,Good,0.899678,0.100322,outputs/checkpoints/best_resnet50_lr0.0001.pth,0.0001,af8dkst0,5,0.8652482269503546
p3_img27,data/raw/p3_img27.png,ResNet50,resnet50,Good,0.860707,0.139293,outputs/checkpoints/best_resnet50_lr0.0001.pth,0.0001,af8dkst0,5,0.8652482269503546
p3_img28,data/raw/p3_img28.png,ResNet50,resnet50,Good,0.767205,0.232795,outputs/checkpoints/best_resnet50_lr0.0001.pth,0.0001,af8dkst0,5,0.8652482269503546
p3_img29,data/raw/p3_img29.png,ResNet50,resnet50,Good,0.981247,0.018753,outputs/checkpoints/best_resnet50_lr0.0001.pth,0.0001,af8dkst0,5,0.8652482269503546
p3_img3,data/raw/p3_img3.png,ResNet50,resnet50,Good,0.564014,0.435986,outputs/checkpoints/best_resnet50_lr0.0001.pth,0.0001,af8dkst0,5,0.8652482269503546
p3_img4,data/raw/p3_img4.png,ResNet50,resnet50,Good,0.604149,0.395851,outputs/checkpoints/best_resnet50_lr0.0001.pth,0.0001,af8dkst0,5,0.8652482269503546
p3_img5,data/raw/p3_img5.png,ResNet50,resnet50,Good,0.80607,0.19393,outputs/checkpoints/best_resnet50_lr0.0001.pth,0.0001,af8dkst0,5,0.8652482269503546
p3_img6,data/raw/p3_img6.png,ResNet50,resnet50,Good,0.992441,0.007559,outputs/checkpoints/best_resnet50_lr0.0001.pth,0.0001,af8dkst0,5,0.8652482269503546
p3_img7,data/raw/p3_img7.png,ResNet50,resnet50,Good,0.962996,0.037004,outputs/checkpoints/best_resnet50_lr0.0001.pth,0.0001,af8dkst0,5,0.8652482269503546
p3_img8,data/raw/p3_img8.png,ResNet50,resnet50,Good,0.991491,0.008509,outputs/checkpoints/best_resnet50_lr0.0001.pth,0.0001,af8dkst0,5,0.8652482269503546
p3_img9,data/raw/p3_img9.png,ResNet50,resnet50,Good,0.870963,0.129037,outputs/checkpoints/best_resnet50_lr0.0001.pth,0.0001,af8dkst0,5,0.8652482269503546
p3_seed0,data/raw/p3_seed0.jpg,ResNet50,resnet50,Bad,0.298789,0.701211,outputs/checkpoints/best_resnet50_lr0.0001.pth,0.0001,af8dkst0,5,0.8652482269503546
p3_seed1,data/raw/p3_seed1.jpg,ResNet50,resnet50,Bad,0.384855,0.615145,outputs/checkpoints/best_resnet50_lr0.0001.pth,0.0001,af8dkst0,5,0.8652482269503546
p3_seed10,data/raw/p3_seed10.jpg,ResNet50,resnet50,Good,0.970117,0.029883,outputs/checkpoints/best_resnet50_lr0.0001.pth,0.0001,af8dkst0,5,0.8652482269503546
p3_seed11,data/raw/p3_seed11.jpg,ResNet50,resnet50,Good,0.624184,0.375816,outputs/checkpoints/best_resnet50_lr0.0001.pth,0.0001,af8dkst0,5,0.8652482269503546
p3_seed12,data/raw/p3_seed12.jpg,ResNet50,resnet50,Bad,0.315594,0.684407,outputs/checkpoints/best_resnet50_lr0.0001.pth,0.0001,af8dkst0,5,0.8652482269503546
p3_seed13,data/raw/p3_seed13.jpg,ResNet50,resnet50,Good,0.544885,0.455115,outputs/checkpoints/best_resnet50_lr0.0001.pth,0.0001,af8dkst0,5,0.8652482269503546
p3_seed14,data/raw/p3_seed14.jpg,ResNet50,resnet50,Bad,0.401258,0.598742,outputs/checkpoints/best_resnet50_lr0.0001.pth,0.0001,af8dkst0,5,0.8652482269503546
p3_seed15,data/raw/p3_seed15.jpg,ResNet50,resnet50,Bad,0.318712,0.681288,outputs/checkpoints/best_resnet50_lr0.0001.pth,0.0001,af8dkst0,5,0.8652482269503546
p3_seed16,data/raw/p3_seed16.jpg,ResNet50,resnet50,Good,0.986186,0.013814,outputs/checkpoints/best_resnet50_lr0.0001.pth,0.0001,af8dkst0,5,0.8652482269503546
p3_seed17,data/raw/p3_seed17.jpg,ResNet50,resnet50,Good,0.948892,0.051108,outputs/checkpoints/best_resnet50_lr0.0001.pth,0.0001,af8dkst0,5,0.8652482269503546
p3_seed18,data/raw/p3_seed18.jpg,ResNet50,resnet50,Bad,0.275633,0.724367,outputs/checkpoints/best_resnet50_lr0.0001.pth,0.0001,af8dkst0,5,0.8652482269503546
p3_seed19,data/raw/p3_seed19.jpg,ResNet50,resnet50,Bad,0.398571,0.601429,outputs/checkpoints/best_resnet50_lr0.0001.pth,0.0001,af8dkst0,5,0.8652482269503546
p3_seed2,data/raw/p3_seed2.jpg,ResNet50,resnet50,Bad,0.380648,0.619352,outputs/checkpoints/best_resnet50_lr0.0001.pth,0.0001,af8dkst0,5,0.8652482269503546
p3_seed20,data/raw/p3_seed20.jpg,ResNet50,resnet50,Good,0.978226,0.021774,outputs/checkpoints/best_resnet50_lr0.0001.pth,0.0001,af8dkst0,5,0.8652482269503546
p3_seed21,data/raw/p3_seed21.jpg,ResNet50,resnet50,Bad,0.343821,0.656179,outputs/checkpoints/best_resnet50_lr0.0001.pth,0.0001,af8dkst0,5,0.8652482269503546
p3_seed22,data/raw/p3_seed22.jpg,ResNet50,resnet50,Bad,0.441967,0.558033,outputs/checkpoints/best_resnet50_lr0.0001.pth,0.0001,af8dkst0,5,0.8652482269503546
p3_seed23,data/raw/p3_seed23.jpg,ResNet50,resnet50,Bad,0.477637,0.522363,outputs/checkpoints/best_resnet50_lr0.0001.pth,0.0001,af8dkst0,5,0.8652482269503546
p3_seed24,data/raw/p3_seed24.jpg,ResNet50,resnet50,Good,0.919752,0.080248,outputs/checkpoints/best_resnet50_lr0.0001.pth,0.0001,af8dkst0,5,0.8652482269503546
p3_seed25,data/raw/p3_seed25.jpg,ResNet50,resnet50,Bad,0.396062,0.603938,outputs/checkpoints/best_resnet50_lr0.0001.pth,0.0001,af8dkst0,5,0.8652482269503546
p3_seed26,data/raw/p3_seed26.jpg,ResNet50,resnet50,Bad,0.358199,0.641801,outputs/checkpoints/best_resnet50_lr0.0001.pth,0.0001,af8dkst0,5,0.8652482269503546
p3_seed27,data/raw/p3_seed27.jpg,ResNet50,resnet50,Bad,0.336105,0.663895,outputs/checkpoints/best_resnet50_lr0.0001.pth,0.0001,af8dkst0,5,0.8652482269503546
p3_seed28,data/raw/p3_seed28.jpg,ResNet50,resnet50,Good,0.746911,0.253089,outputs/checkpoints/best_resnet50_lr0.0001.pth,0.0001,af8dkst0,5,0.8652482269503546
p3_seed29,data/raw/p3_seed29.jpg,ResNet50,resnet50,Bad,0.403347,0.596653,outputs/checkpoints/best_resnet50_lr0.0001.pth,0.0001,af8dkst0,5,0.8652482269503546
p3_seed3,data/raw/p3_seed3.jpg,ResNet50,resnet50,Bad,0.319409,0.680591,outputs/checkpoints/best_resnet50_lr0.0001.pth,0.0001,af8dkst0,5,0.8652482269503546
p3_seed4,data/raw/p3_seed4.jpg,ResNet50,resnet50,Good,0.995898,0.004102,outputs/checkpoints/best_resnet50_lr0.0001.pth,0.0001,af8dkst0,5,0.8652482269503546
p3_seed5,data/raw/p3_seed5.jpg,ResNet50,resnet50,Bad,0.477651,0.522349,outputs/checkpoints/best_resnet50_lr0.0001.pth,0.0001,af8dkst0,5,0.8652482269503546
p3_seed6,data/raw/p3_seed6.jpg,ResNet50,resnet50,Bad,0.246586,0.753414,outputs/checkpoints/best_resnet50_lr0.0001.pth,0.0001,af8dkst0,5,0.8652482269503546
p3_seed7,data/raw/p3_seed7.jpg,ResNet50,resnet50,Bad,0.319896,0.680104,outputs/checkpoints/best_resnet50_lr0.0001.pth,0.0001,af8dkst0,5,0.8652482269503546
p3_seed8,data/raw/p3_seed8.jpg,ResNet50,resnet50,Bad,0.358966,0.641034,outputs/checkpoints/best_resnet50_lr0.0001.pth,0.0001,af8dkst0,5,0.8652482269503546
p3_seed9,data/raw/p3_seed9.jpg,ResNet50,resnet50,Bad,0.449705,0.550295,outputs/checkpoints/best_resnet50_lr0.0001.pth,0.0001,af8dkst0,5,0.8652482269503546
p4_img0,data/raw/p4_img0.png,ResNet50,resnet50,Good,0.990723,0.009277,outputs/checkpoints/best_resnet50_lr0.0001.pth,0.0001,af8dkst0,5,0.8652482269503546
p4_img1,data/raw/p4_img1.png,ResNet50,resnet50,Good,0.950489,0.049511,outputs/checkpoints/best_resnet50_lr0.0001.pth,0.0001,af8dkst0,5,0.8652482269503546
p4_img10,data/raw/p4_img10.png,ResNet50,resnet50,Good,0.989937,0.010063,outputs/checkpoints/best_resnet50_lr0.0001.pth,0.0001,af8dkst0,5,0.8652482269503546
p4_img11,data/raw/p4_img11.png,ResNet50,resnet50,Good,0.999673,0.000327,outputs/checkpoints/best_resnet50_lr0.0001.pth,0.0001,af8dkst0,5,0.8652482269503546
p4_img12,data/raw/p4_img12.png,ResNet50,resnet50,Good,0.988326,0.011674,outputs/checkpoints/best_resnet50_lr0.0001.pth,0.0001,af8dkst0,5,0.8652482269503546
p4_img13,data/raw/p4_img13.png,ResNet50,resnet50,Good,0.998348,0.001652,outputs/checkpoints/best_resnet50_lr0.0001.pth,0.0001,af8dkst0,5,0.8652482269503546
p4_img14,data/raw/p4_img14.png,ResNet50,resnet50,Good,0.998557,0.001443,outputs/checkpoints/best_resnet50_lr0.0001.pth,0.0001,af8dkst0,5,0.8652482269503546
p4_img15,data/raw/p4_img15.png,ResNet50,resnet50,Good,0.999887,0.000113,outputs/checkpoints/best_resnet50_lr0.0001.pth,0.0001,af8dkst0,5,0.8652482269503546
p4_img16,data/raw/p4_img16.png,ResNet50,resnet50,Good,0.998972,0.001028,outputs/checkpoints/best_resnet50_lr0.0001.pth,0.0001,af8dkst0,5,0.8652482269503546
p4_img17,data/raw/p4_img17.png,ResNet50,resnet50,Good,0.999375,0.000625,outputs/checkpoints/best_resnet50_lr0.0001.pth,0.0001,af8dkst0,5,0.8652482269503546
p4_img18,data/raw/p4_img18.png,ResNet50,resnet50,Good,0.972118,0.027882,outputs/checkpoints/best_resnet50_lr0.0001.pth,0.0001,af8dkst0,5,0.8652482269503546
p4_img19,data/raw/p4_img19.png,ResNet50,resnet50,Good,0.997432,0.002568,outputs/checkpoints/best_resnet50_lr0.0001.pth,0.0001,af8dkst0,5,0.8652482269503546
p4_img2,data/raw/p4_img2.png,ResNet50,resnet50,Good,0.985179,0.014821,outputs/checkpoints/best_resnet50_lr0.0001.pth,0.0001,af8dkst0,5,0.8652482269503546
p4_img20,data/raw/p4_img20.png,ResNet50,resnet50,Good,0.985671,0.014329,outputs/checkpoints/best_resnet50_lr0.0001.pth,0.0001,af8dkst0,5,0.8652482269503546
p4_img21,data/raw/p4_img21.png,ResNet50,resnet50,Good,0.999731,0.000269,outputs/checkpoints/best_resnet50_lr0.0001.pth,0.0001,af8dkst0,5,0.8652482269503546
p4_img22,data/raw/p4_img22.png,ResNet50,resnet50,Good,0.999602,0.000398,outputs/checkpoints/best_resnet50_lr0.0001.pth,0.0001,af8dkst0,5,0.8652482269503546
p4_img23,data/raw/p4_img23.png,ResNet50,resnet50,Good,0.997255,0.002745,outputs/checkpoints/best_resnet50_lr0.0001.pth,0.0001,af8dkst0,5,0.8652482269503546
p4_img24,data/raw/p4_img24.png,ResNet50,resnet50,Good,0.99777,0.00223,outputs/checkpoints/best_resnet50_lr0.0001.pth,0.0001,af8dkst0,5,0.8652482269503546
p4_img25,data/raw/p4_img25.png,ResNet50,resnet50,Good,0.999847,0.000153,outputs/checkpoints/best_resnet50_lr0.0001.pth,0.0001,af8dkst0,5,0.8652482269503546
p4_img26,data/raw/p4_img26.png,ResNet50,resnet50,Good,0.993431,0.006569,outputs/checkpoints/best_resnet50_lr0.0001.pth,0.0001,af8dkst0,5,0.8652482269503546
p4_img27,data/raw/p4_img27.png,ResNet50,resnet50,Good,0.990796,0.009205,outputs/checkpoints/best_resnet50_lr0.0001.pth,0.0001,af8dkst0,5,0.8652482269503546
p4_img28,data/raw/p4_img28.png,ResNet50,resnet50,Good,0.995932,0.004068,outputs/checkpoints/best_resnet50_lr0.0001.pth,0.0001,af8dkst0,5,0.8652482269503546
p4_img29,data/raw/p4_img29.png,ResNet50,resnet50,Good,0.996756,0.003244,outputs/checkpoints/best_resnet50_lr0.0001.pth,0.0001,af8dkst0,5,0.8652482269503546
p4_img3,data/raw/p4_img3.png,ResNet50,resnet50,Good,0.988469,0.011531,outputs/checkpoints/best_resnet50_lr0.0001.pth,0.0001,af8dkst0,5,0.8652482269503546
p4_img4,data/raw/p4_img4.png,ResNet50,resnet50,Good,0.994601,0.005399,outputs/checkpoints/best_resnet50_lr0.0001.pth,0.0001,af8dkst0,5,0.8652482269503546
p4_img5,data/raw/p4_img5.png,ResNet50,resnet50,Good,0.997473,0.002527,outputs/checkpoints/best_resnet50_lr0.0001.pth,0.0001,af8dkst0,5,0.8652482269503546
p4_img6,data/raw/p4_img6.png,ResNet50,resnet50,Good,0.99704,0.00296,outputs/checkpoints/best_resnet50_lr0.0001.pth,0.0001,af8dkst0,5,0.8652482269503546
p4_img7,data/raw/p4_img7.png,ResNet50,resnet50,Good,0.999563,0.000437,outputs/checkpoints/best_resnet50_lr0.0001.pth,0.0001,af8dkst0,5,0.8652482269503546
p4_img8,data/raw/p4_img8.png,ResNet50,resnet50,Good,0.998845,0.001156,outputs/checkpoints/best_resnet50_lr0.0001.pth,0.0001,af8dkst0,5,0.8652482269503546
p4_img9,data/raw/p4_img9.png,ResNet50,resnet50,Good,0.963779,0.036221,outputs/checkpoints/best_resnet50_lr0.0001.pth,0.0001,af8dkst0,5,0.8652482269503546
p4_seed0,data/raw/p4_seed0.jpg,ResNet50,resnet50,Good,0.89383,0.10617,outputs/checkpoints/best_resnet50_lr0.0001.pth,0.0001,af8dkst0,5,0.8652482269503546
p4_seed1,data/raw/p4_seed1.jpg,ResNet50,resnet50,Good,0.81446,0.18554,outputs/checkpoints/best_resnet50_lr0.0001.pth,0.0001,af8dkst0,5,0.8652482269503546
p4_seed10,data/raw/p4_seed10.jpg,ResNet50,resnet50,Good,0.993678,0.006322,outputs/checkpoints/best_resnet50_lr0.0001.pth,0.0001,af8dkst0,5,0.8652482269503546
p4_seed11,data/raw/p4_seed11.jpg,ResNet50,resnet50,Good,0.999384,0.000616,outputs/checkpoints/best_resnet50_lr0.0001.pth,0.0001,af8dkst0,5,0.8652482269503546
p4_seed12,data/raw/p4_seed12.jpg,ResNet50,resnet50,Good,0.997365,0.002635,outputs/checkpoints/best_resnet50_lr0.0001.pth,0.0001,af8dkst0,5,0.8652482269503546
p4_seed13,data/raw/p4_seed13.jpg,ResNet50,resnet50,Good,0.995559,0.004441,outputs/checkpoints/best_resnet50_lr0.0001.pth,0.0001,af8dkst0,5,0.8652482269503546
p4_seed14,data/raw/p4_seed14.jpg,ResNet50,resnet50,Good,0.696907,0.303093,outputs/checkpoints/best_resnet50_lr0.0001.pth,0.0001,af8dkst0,5,0.8652482269503546
p4_seed15,data/raw/p4_seed15.jpg,ResNet50,resnet50,Bad,0.445534,0.554466,outputs/checkpoints/best_resnet50_lr0.0001.pth,0.0001,af8dkst0,5,0.8652482269503546
p4_seed16,data/raw/p4_seed16.jpg,ResNet50,resnet50,Good,0.959904,0.040096,outputs/checkpoints/best_resnet50_lr0.0001.pth,0.0001,af8dkst0,5,0.8652482269503546
p4_seed17,data/raw/p4_seed17.jpg,ResNet50,resnet50,Bad,0.316292,0.683708,outputs/checkpoints/best_resnet50_lr0.0001.pth,0.0001,af8dkst0,5,0.8652482269503546
p4_seed18,data/raw/p4_seed18.jpg,ResNet50,resnet50,Good,0.991164,0.008836,outputs/checkpoints/best_resnet50_lr0.0001.pth,0.0001,af8dkst0,5,0.8652482269503546
p4_seed19,data/raw/p4_seed19.jpg,ResNet50,resnet50,Good,0.956565,0.043435,outputs/checkpoints/best_resnet50_lr0.0001.pth,0.0001,af8dkst0,5,0.8652482269503546
p4_seed2,data/raw/p4_seed2.jpg,ResNet50,resnet50,Good,0.993125,0.006875,outputs/checkpoints/best_resnet50_lr0.0001.pth,0.0001,af8dkst0,5,0.8652482269503546
p4_seed20,data/raw/p4_seed20.jpg,ResNet50,resnet50,Good,0.999895,0.000105,outputs/checkpoints/best_resnet50_lr0.0001.pth,0.0001,af8dkst0,5,0.8652482269503546
p4_seed21,data/raw/p4_seed21.jpg,ResNet50,resnet50,Bad,0.370762,0.629238,outputs/checkpoints/best_resnet50_lr0.0001.pth,0.0001,af8dkst0,5,0.8652482269503546
p4_seed22,data/raw/p4_seed22.jpg,ResNet50,resnet50,Good,0.997247,0.002753,outputs/checkpoints/best_resnet50_lr0.0001.pth,0.0001,af8dkst0,5,0.8652482269503546
p4_seed23,data/raw/p4_seed23.jpg,ResNet50,resnet50,Good,0.992382,0.007618,outputs/checkpoints/best_resnet50_lr0.0001.pth,0.0001,af8dkst0,5,0.8652482269503546
p4_seed24,data/raw/p4_seed24.jpg,ResNet50,resnet50,Good,0.994927,0.005073,outputs/checkpoints/best_resnet50_lr0.0001.pth,0.0001,af8dkst0,5,0.8652482269503546
p4_seed25,data/raw/p4_seed25.jpg,ResNet50,resnet50,Bad,0.495126,0.504874,outputs/checkpoints/best_resnet50_lr0.0001.pth,0.0001,af8dkst0,5,0.8652482269503546
p4_seed26,data/raw/p4_seed26.jpg,ResNet50,resnet50,Good,0.884118,0.115882,outputs/checkpoints/best_resnet50_lr0.0001.pth,0.0001,af8dkst0,5,0.8652482269503546
p4_seed27,data/raw/p4_seed27.jpg,ResNet50,resnet50,Good,0.999052,0.000948,outputs/checkpoints/best_resnet50_lr0.0001.pth,0.0001,af8dkst0,5,0.8652482269503546
p4_seed28,data/raw/p4_seed28.jpg,ResNet50,resnet50,Good,0.999907,9.3e-05,outputs/checkpoints/best_resnet50_lr0.0001.pth,0.0001,af8dkst0,5,0.8652482269503546
p4_seed29,data/raw/p4_seed29.jpg,ResNet50,resnet50,Good,0.907108,0.092892,outputs/checkpoints/best_resnet50_lr0.0001.pth,0.0001,af8dkst0,5,0.8652482269503546
p4_seed3,data/raw/p4_seed3.jpg,ResNet50,resnet50,Bad,0.382744,0.617256,outputs/checkpoints/best_resnet50_lr0.0001.pth,0.0001,af8dkst0,5,0.8652482269503546
p4_seed4,data/raw/p4_seed4.jpg,ResNet50,resnet50,Good,0.998244,0.001756,outputs/checkpoints/best_resnet50_lr0.0001.pth,0.0001,af8dkst0,5,0.8652482269503546
p4_seed5,data/raw/p4_seed5.jpg,ResNet50,resnet50,Good,0.933193,0.066807,outputs/checkpoints/best_resnet50_lr0.0001.pth,0.0001,af8dkst0,5,0.8652482269503546
p4_seed6,data/raw/p4_seed6.jpg,ResNet50,resnet50,Good,0.994043,0.005957,outputs/checkpoints/best_resnet50_lr0.0001.pth,0.0001,af8dkst0,5,0.8652482269503546
p4_seed7,data/raw/p4_seed7.jpg,ResNet50,resnet50,Good,0.990191,0.009809,outputs/checkpoints/best_resnet50_lr0.0001.pth,0.0001,af8dkst0,5,0.8652482269503546
p4_seed8,data/raw/p4_seed8.jpg,ResNet50,resnet50,Good,0.996306,0.003694,outputs/checkpoints/best_resnet50_lr0.0001.pth,0.0001,af8dkst0,5,0.8652482269503546
p4_seed9,data/raw/p4_seed9.jpg,ResNet50,resnet50,Good,0.993709,0.006291,outputs/checkpoints/best_resnet50_lr0.0001.pth,0.0001,af8dkst0,5,0.8652482269503546
p5_img0,data/raw/p5_img0.png,ResNet50,resnet50,Bad,0.279701,0.720299,outputs/checkpoints/best_resnet50_lr0.0001.pth,0.0001,af8dkst0,5,0.8652482269503546
p5_img1,data/raw/p5_img1.png,ResNet50,resnet50,Bad,0.345328,0.654672,outputs/checkpoints/best_resnet50_lr0.0001.pth,0.0001,af8dkst0,5,0.8652482269503546
p5_img10,data/raw/p5_img10.png,ResNet50,resnet50,Bad,0.375799,0.624201,outputs/checkpoints/best_resnet50_lr0.0001.pth,0.0001,af8dkst0,5,0.8652482269503546
p5_img11,data/raw/p5_img11.png,ResNet50,resnet50,Bad,0.337567,0.662433,outputs/checkpoints/best_resnet50_lr0.0001.pth,0.0001,af8dkst0,5,0.8652482269503546
p5_img12,data/raw/p5_img12.png,ResNet50,resnet50,Bad,0.406199,0.593801,outputs/checkpoints/best_resnet50_lr0.0001.pth,0.0001,af8dkst0,5,0.8652482269503546
p5_img13,data/raw/p5_img13.png,ResNet50,resnet50,Good,0.808188,0.191812,outputs/checkpoints/best_resnet50_lr0.0001.pth,0.0001,af8dkst0,5,0.8652482269503546
p5_img14,data/raw/p5_img14.png,ResNet50,resnet50,Bad,0.383189,0.616811,outputs/checkpoints/best_resnet50_lr0.0001.pth,0.0001,af8dkst0,5,0.8652482269503546
p5_img15,data/raw/p5_img15.png,ResNet50,resnet50,Bad,0.446881,0.553119,outputs/checkpoints/best_resnet50_lr0.0001.pth,0.0001,af8dkst0,5,0.8652482269503546
p5_img16,data/raw/p5_img16.png,ResNet50,resnet50,Good,0.551183,0.448817,outputs/checkpoints/best_resnet50_lr0.0001.pth,0.0001,af8dkst0,5,0.8652482269503546
p5_img17,data/raw/p5_img17.png,ResNet50,resnet50,Bad,0.409439,0.590561,outputs/checkpoints/best_resnet50_lr0.0001.pth,0.0001,af8dkst0,5,0.8652482269503546
p5_img18,data/raw/p5_img18.png,ResNet50,resnet50,Good,0.556611,0.443389,outputs/checkpoints/best_resnet50_lr0.0001.pth,0.0001,af8dkst0,5,0.8652482269503546
p5_img19,data/raw/p5_img19.png,ResNet50,resnet50,Good,0.626323,0.373677,outputs/checkpoints/best_resnet50_lr0.0001.pth,0.0001,af8dkst0,5,0.8652482269503546
p5_img2,data/raw/p5_img2.png,ResNet50,resnet50,Bad,0.353428,0.646572,outputs/checkpoints/best_resnet50_lr0.0001.pth,0.0001,af8dkst0,5,0.8652482269503546
p5_img20,data/raw/p5_img20.png,ResNet50,resnet50,Bad,0.40908,0.59092,outputs/checkpoints/best_resnet50_lr0.0001.pth,0.0001,af8dkst0,5,0.8652482269503546
p5_img21,data/raw/p5_img21.png,ResNet50,resnet50,Good,0.527655,0.472345,outputs/checkpoints/best_resnet50_lr0.0001.pth,0.0001,af8dkst0,5,0.8652482269503546
p5_img22,data/raw/p5_img22.png,ResNet50,resnet50,Bad,0.404249,0.595751,outputs/checkpoints/best_resnet50_lr0.0001.pth,0.0001,af8dkst0,5,0.8652482269503546
p5_img23,data/raw/p5_img23.png,ResNet50,resnet50,Bad,0.273437,0.726563,outputs/checkpoints/best_resnet50_lr0.0001.pth,0.0001,af8dkst0,5,0.8652482269503546
p5_img24,data/raw/p5_img24.png,ResNet50,resnet50,Good,0.650555,0.349445,outputs/checkpoints/best_resnet50_lr0.0001.pth,0.0001,af8dkst0,5,0.8652482269503546
p5_img25,data/raw/p5_img25.png,ResNet50,resnet50,Bad,0.338871,0.661129,outputs/checkpoints/best_resnet50_lr0.0001.pth,0.0001,af8dkst0,5,0.8652482269503546
p5_img26,data/raw/p5_img26.png,ResNet50,resnet50,Good,0.582034,0.417966,outputs/checkpoints/best_resnet50_lr0.0001.pth,0.0001,af8dkst0,5,0.8652482269503546
p5_img27,data/raw/p5_img27.png,ResNet50,resnet50,Bad,0.476288,0.523712,outputs/checkpoints/best_resnet50_lr0.0001.pth,0.0001,af8dkst0,5,0.8652482269503546
p5_img28,data/raw/p5_img28.png,ResNet50,resnet50,Bad,0.401157,0.598843,outputs/checkpoints/best_resnet50_lr0.0001.pth,0.0001,af8dkst0,5,0.8652482269503546
p5_img29,data/raw/p5_img29.png,ResNet50,resnet50,Good,0.6235,0.3765,outputs/checkpoints/best_resnet50_lr0.0001.pth,0.0001,af8dkst0,5,0.8652482269503546
p5_img3,data/raw/p5_img3.png,ResNet50,resnet50,Bad,0.388241,0.61176,outputs/checkpoints/best_resnet50_lr0.0001.pth,0.0001,af8dkst0,5,0.8652482269503546
p5_img4,data/raw/p5_img4.png,ResNet50,resnet50,Bad,0.34838,0.651619,outputs/checkpoints/best_resnet50_lr0.0001.pth,0.0001,af8dkst0,5,0.8652482269503546
p5_img5,data/raw/p5_img5.png,ResNet50,resnet50,Bad,0.328582,0.671418,outputs/checkpoints/best_resnet50_lr0.0001.pth,0.0001,af8dkst0,5,0.8652482269503546
p5_img6,data/raw/p5_img6.png,ResNet50,resnet50,Good,0.509083,0.490917,outputs/checkpoints/best_resnet50_lr0.0001.pth,0.0001,af8dkst0,5,0.8652482269503546
p5_img7,data/raw/p5_img7.png,ResNet50,resnet50,Bad,0.42241,0.57759,outputs/checkpoints/best_resnet50_lr0.0001.pth,0.0001,af8dkst0,5,0.8652482269503546
p5_img8,data/raw/p5_img8.png,ResNet50,resnet50,Good,0.544212,0.455788,outputs/checkpoints/best_resnet50_lr0.0001.pth,0.0001,af8dkst0,5,0.8652482269503546
p5_img9,data/raw/p5_img9.png,ResNet50,resnet50,Bad,0.303038,0.696962,outputs/checkpoints/best_resnet50_lr0.0001.pth,0.0001,af8dkst0,5,0.8652482269503546
p5_seed0,data/raw/p5_seed0.jpg,ResNet50,resnet50,Bad,0.380295,0.619705,outputs/checkpoints/best_resnet50_lr0.0001.pth,0.0001,af8dkst0,5,0.8652482269503546
p5_seed1,data/raw/p5_seed1.jpg,ResNet50,resnet50,Good,0.50752,0.49248,outputs/checkpoints/best_resnet50_lr0.0001.pth,0.0001,af8dkst0,5,0.8652482269503546
p5_seed10,data/raw/p5_seed10.jpg,ResNet50,resnet50,Good,0.772875,0.227125,outputs/checkpoints/best_resnet50_lr0.0001.pth,0.0001,af8dkst0,5,0.8652482269503546
p5_seed11,data/raw/p5_seed11.jpg,ResNet50,resnet50,Good,0.962852,0.037148,outputs/checkpoints/best_resnet50_lr0.0001.pth,0.0001,af8dkst0,5,0.8652482269503546
p5_seed12,data/raw/p5_seed12.jpg,ResNet50,resnet50,Bad,0.29925,0.70075,outputs/checkpoints/best_resnet50_lr0.0001.pth,0.0001,af8dkst0,5,0.8652482269503546
p5_seed13,data/raw/p5_seed13.jpg,ResNet50,resnet50,Good,0.505198,0.494802,outputs/checkpoints/best_resnet50_lr0.0001.pth,0.0001,af8dkst0,5,0.8652482269503546
p5_seed14,data/raw/p5_seed14.jpg,ResNet50,resnet50,Bad,0.254598,0.745402,outputs/checkpoints/best_resnet50_lr0.0001.pth,0.0001,af8dkst0,5,0.8652482269503546
p5_seed15,data/raw/p5_seed15.jpg,ResNet50,resnet50,Good,0.738165,0.261835,outputs/checkpoints/best_resnet50_lr0.0001.pth,0.0001,af8dkst0,5,0.8652482269503546
p5_seed16,data/raw/p5_seed16.jpg,ResNet50,resnet50,Bad,0.310749,0.689251,outputs/checkpoints/best_resnet50_lr0.0001.pth,0.0001,af8dkst0,5,0.8652482269503546
p5_seed17,data/raw/p5_seed17.jpg,ResNet50,resnet50,Bad,0.192781,0.807219,outputs/checkpoints/best_resnet50_lr0.0001.pth,0.0001,af8dkst0,5,0.8652482269503546
p5_seed18,data/raw/p5_seed18.jpg,ResNet50,resnet50,Bad,0.443499,0.556501,outputs/checkpoints/best_resnet50_lr0.0001.pth,0.0001,af8dkst0,5,0.8652482269503546
p5_seed19,data/raw/p5_seed19.jpg,ResNet50,resnet50,Bad,0.479537,0.520463,outputs/checkpoints/best_resnet50_lr0.0001.pth,0.0001,af8dkst0,5,0.8652482269503546
p5_seed2,data/raw/p5_seed2.jpg,ResNet50,resnet50,Good,0.502529,0.497471,outputs/checkpoints/best_resnet50_lr0.0001.pth,0.0001,af8dkst0,5,0.8652482269503546
p5_seed20,data/raw/p5_seed20.jpg,ResNet50,resnet50,Good,0.982483,0.017517,outputs/checkpoints/best_resnet50_lr0.0001.pth,0.0001,af8dkst0,5,0.8652482269503546
p5_seed21,data/raw/p5_seed21.jpg,ResNet50,resnet50,Good,0.508549,0.491451,outputs/checkpoints/best_resnet50_lr0.0001.pth,0.0001,af8dkst0,5,0.8652482269503546
p5_seed22,data/raw/p5_seed22.jpg,ResNet50,resnet50,Good,0.810195,0.189805,outputs/checkpoints/best_resnet50_lr0.0001.pth,0.0001,af8dkst0,5,0.8652482269503546
p5_seed23,data/raw/p5_seed23.jpg,ResNet50,resnet50,Good,0.830194,0.169806,outputs/checkpoints/best_resnet50_lr0.0001.pth,0.0001,af8dkst0,5,0.8652482269503546
p5_seed24,data/raw/p5_seed24.jpg,ResNet50,resnet50,Good,0.764853,0.235147,outputs/checkpoints/best_resnet50_lr0.0001.pth,0.0001,af8dkst0,5,0.8652482269503546
p5_seed25,data/raw/p5_seed25.jpg,ResNet50,resnet50,Bad,0.440731,0.559269,outputs/checkpoints/best_resnet50_lr0.0001.pth,0.0001,af8dkst0,5,0.8652482269503546
p5_seed26,data/raw/p5_seed26.jpg,ResNet50,resnet50,Good,0.988046,0.011954,outputs/checkpoints/best_resnet50_lr0.0001.pth,0.0001,af8dkst0,5,0.8652482269503546
p5_seed27,data/raw/p5_seed27.jpg,ResNet50,resnet50,Good,0.835966,0.164034,outputs/checkpoints/best_resnet50_lr0.0001.pth,0.0001,af8dkst0,5,0.8652482269503546
p5_seed28,data/raw/p5_seed28.jpg,ResNet50,resnet50,Good,0.995554,0.004446,outputs/checkpoints/best_resnet50_lr0.0001.pth,0.0001,af8dkst0,5,0.8652482269503546
p5_seed29,data/raw/p5_seed29.jpg,ResNet50,resnet50,Good,0.986822,0.013178,outputs/checkpoints/best_resnet50_lr0.0001.pth,0.0001,af8dkst0,5,0.8652482269503546
p5_seed3,data/raw/p5_seed3.jpg,ResNet50,resnet50,Bad,0.342194,0.657806,outputs/checkpoints/best_resnet50_lr0.0001.pth,0.0001,af8dkst0,5,0.8652482269503546
p5_seed4,data/raw/p5_seed4.jpg,ResNet50,resnet50,Good,0.515815,0.484185,outputs/checkpoints/best_resnet50_lr0.0001.pth,0.0001,af8dkst0,5,0.8652482269503546
p5_seed5,data/raw/p5_seed5.jpg,ResNet50,resnet50,Good,0.504068,0.495932,outputs/checkpoints/best_resnet50_lr0.0001.pth,0.0001,af8dkst0,5,0.8652482269503546
p5_seed6,data/raw/p5_seed6.jpg,ResNet50,resnet50,Good,0.809563,0.190437,outputs/checkpoints/best_resnet50_lr0.0001.pth,0.0001,af8dkst0,5,0.8652482269503546
p5_seed7,data/raw/p5_seed7.jpg,ResNet50,resnet50,Good,0.867604,0.132396,outputs/checkpoints/best_resnet50_lr0.0001.pth,0.0001,af8dkst0,5,0.8652482269503546
p5_seed8,data/raw/p5_seed8.jpg,ResNet50,resnet50,Good,0.535432,0.464568,outputs/checkpoints/best_resnet50_lr0.0001.pth,0.0001,af8dkst0,5,0.8652482269503546
p5_seed9,data/raw/p5_seed9.jpg,ResNet50,resnet50,Good,0.908974,0.091026,outputs/checkpoints/best_resnet50_lr0.0001.pth,0.0001,af8dkst0,5,0.8652482269503546
p6_img0,data/raw/p6_img0.png,ResNet50,resnet50,Bad,0.408261,0.591739,outputs/checkpoints/best_resnet50_lr0.0001.pth,0.0001,af8dkst0,5,0.8652482269503546
p6_img1,data/raw/p6_img1.png,ResNet50,resnet50,Good,0.551177,0.448824,outputs/checkpoints/best_resnet50_lr0.0001.pth,0.0001,af8dkst0,5,0.8652482269503546
p6_img10,data/raw/p6_img10.png,ResNet50,resnet50,Good,0.609086,0.390913,outputs/checkpoints/best_resnet50_lr0.0001.pth,0.0001,af8dkst0,5,0.8652482269503546
p6_img11,data/raw/p6_img11.png,ResNet50,resnet50,Good,0.558526,0.441474,outputs/checkpoints/best_resnet50_lr0.0001.pth,0.0001,af8dkst0,5,0.8652482269503546
p6_img12,data/raw/p6_img12.png,ResNet50,resnet50,Bad,0.425234,0.574766,outputs/checkpoints/best_resnet50_lr0.0001.pth,0.0001,af8dkst0,5,0.8652482269503546
p6_img13,data/raw/p6_img13.png,ResNet50,resnet50,Good,0.580639,0.419361,outputs/checkpoints/best_resnet50_lr0.0001.pth,0.0001,af8dkst0,5,0.8652482269503546
p6_img14,data/raw/p6_img14.png,ResNet50,resnet50,Bad,0.391405,0.608595,outputs/checkpoints/best_resnet50_lr0.0001.pth,0.0001,af8dkst0,5,0.8652482269503546
p6_img15,data/raw/p6_img15.png,ResNet50,resnet50,Good,0.883238,0.116762,outputs/checkpoints/best_resnet50_lr0.0001.pth,0.0001,af8dkst0,5,0.8652482269503546
p6_img16,data/raw/p6_img16.png,ResNet50,resnet50,Good,0.957627,0.042373,outputs/checkpoints/best_resnet50_lr0.0001.pth,0.0001,af8dkst0,5,0.8652482269503546
p6_img17,data/raw/p6_img17.png,ResNet50,resnet50,Good,0.582286,0.417714,outputs/checkpoints/best_resnet50_lr0.0001.pth,0.0001,af8dkst0,5,0.8652482269503546
p6_img18,data/raw/p6_img18.png,ResNet50,resnet50,Good,0.558313,0.441687,outputs/checkpoints/best_resnet50_lr0.0001.pth,0.0001,af8dkst0,5,0.8652482269503546
p6_img19,data/raw/p6_img19.png,ResNet50,resnet50,Bad,0.430651,0.569349,outputs/checkpoints/best_resnet50_lr0.0001.pth,0.0001,af8dkst0,5,0.8652482269503546
p6_img2,data/raw/p6_img2.png,ResNet50,resnet50,Bad,0.37105,0.62895,outputs/checkpoints/best_resnet50_lr0.0001.pth,0.0001,af8dkst0,5,0.8652482269503546
p6_img20,data/raw/p6_img20.png,ResNet50,resnet50,Bad,0.43865,0.56135,outputs/checkpoints/best_resnet50_lr0.0001.pth,0.0001,af8dkst0,5,0.8652482269503546
p6_img21,data/raw/p6_img21.png,ResNet50,resnet50,Good,0.990425,0.009575,outputs/checkpoints/best_resnet50_lr0.0001.pth,0.0001,af8dkst0,5,0.8652482269503546
p6_img22,data/raw/p6_img22.png,ResNet50,resnet50,Good,0.709549,0.290451,outputs/checkpoints/best_resnet50_lr0.0001.pth,0.0001,af8dkst0,5,0.8652482269503546
p6_img23,data/raw/p6_img23.png,ResNet50,resnet50,Bad,0.476966,0.523034,outputs/checkpoints/best_resnet50_lr0.0001.pth,0.0001,af8dkst0,5,0.8652482269503546
p6_img24,data/raw/p6_img24.png,ResNet50,resnet50,Good,0.745938,0.254062,outputs/checkpoints/best_resnet50_lr0.0001.pth,0.0001,af8dkst0,5,0.8652482269503546
p6_img25,data/raw/p6_img25.png,ResNet50,resnet50,Good,0.507275,0.492725,outputs/checkpoints/best_resnet50_lr0.0001.pth,0.0001,af8dkst0,5,0.8652482269503546
p6_img26,data/raw/p6_img26.png,ResNet50,resnet50,Good,0.604093,0.395907,outputs/checkpoints/best_resnet50_lr0.0001.pth,0.0001,af8dkst0,5,0.8652482269503546
p6_img27,data/raw/p6_img27.png,ResNet50,resnet50,Bad,0.474843,0.525157,outputs/checkpoints/best_resnet50_lr0.0001.pth,0.0001,af8dkst0,5,0.8652482269503546
p6_img28,data/raw/p6_img28.png,ResNet50,resnet50,Good,0.584406,0.415593,outputs/checkpoints/best_resnet50_lr0.0001.pth,0.0001,af8dkst0,5,0.8652482269503546
p6_img29,data/raw/p6_img29.png,ResNet50,resnet50,Bad,0.4301,0.5699,outputs/checkpoints/best_resnet50_lr0.0001.pth,0.0001,af8dkst0,5,0.8652482269503546
p6_img3,data/raw/p6_img3.png,ResNet50,resnet50,Bad,0.358655,0.641345,outputs/checkpoints/best_resnet50_lr0.0001.pth,0.0001,af8dkst0,5,0.8652482269503546
p6_img4,data/raw/p6_img4.png,ResNet50,resnet50,Bad,0.432016,0.567984,outputs/checkpoints/best_resnet50_lr0.0001.pth,0.0001,af8dkst0,5,0.8652482269503546
p6_img5,data/raw/p6_img5.png,ResNet50,resnet50,Bad,0.428209,0.571791,outputs/checkpoints/best_resnet50_lr0.0001.pth,0.0001,af8dkst0,5,0.8652482269503546
p6_img6,data/raw/p6_img6.png,ResNet50,resnet50,Good,0.539199,0.460802,outputs/checkpoints/best_resnet50_lr0.0001.pth,0.0001,af8dkst0,5,0.8652482269503546
p6_img7,data/raw/p6_img7.png,ResNet50,resnet50,Bad,0.490384,0.509616,outputs/checkpoints/best_resnet50_lr0.0001.pth,0.0001,af8dkst0,5,0.8652482269503546
p6_img8,data/raw/p6_img8.png,ResNet50,resnet50,Good,0.989309,0.010691,outputs/checkpoints/best_resnet50_lr0.0001.pth,0.0001,af8dkst0,5,0.8652482269503546
p6_img9,data/raw/p6_img9.png,ResNet50,resnet50,Good,0.547659,0.452341,outputs/checkpoints/best_resnet50_lr0.0001.pth,0.0001,af8dkst0,5,0.8652482269503546
p6_seed0,data/raw/p6_seed0.jpg,ResNet50,resnet50,Good,0.63101,0.36899,outputs/checkpoints/best_resnet50_lr0.0001.pth,0.0001,af8dkst0,5,0.8652482269503546
p6_seed1,data/raw/p6_seed1.jpg,ResNet50,resnet50,Good,0.768194,0.231806,outputs/checkpoints/best_resnet50_lr0.0001.pth,0.0001,af8dkst0,5,0.8652482269503546
p6_seed10,data/raw/p6_seed10.jpg,ResNet50,resnet50,Good,0.771494,0.228506,outputs/checkpoints/best_resnet50_lr0.0001.pth,0.0001,af8dkst0,5,0.8652482269503546
p6_seed11,data/raw/p6_seed11.jpg,ResNet50,resnet50,Good,0.734442,0.265558,outputs/checkpoints/best_resnet50_lr0.0001.pth,0.0001,af8dkst0,5,0.8652482269503546
p6_seed12,data/raw/p6_seed12.jpg,ResNet50,resnet50,Bad,0.347102,0.652898,outputs/checkpoints/best_resnet50_lr0.0001.pth,0.0001,af8dkst0,5,0.8652482269503546
p6_seed13,data/raw/p6_seed13.jpg,ResNet50,resnet50,Good,0.964624,0.035376,outputs/checkpoints/best_resnet50_lr0.0001.pth,0.0001,af8dkst0,5,0.8652482269503546
p6_seed14,data/raw/p6_seed14.jpg,ResNet50,resnet50,Good,0.630754,0.369246,outputs/checkpoints/best_resnet50_lr0.0001.pth,0.0001,af8dkst0,5,0.8652482269503546
p6_seed15,data/raw/p6_seed15.jpg,ResNet50,resnet50,Bad,0.388569,0.611431,outputs/checkpoints/best_resnet50_lr0.0001.pth,0.0001,af8dkst0,5,0.8652482269503546
p6_seed16,data/raw/p6_seed16.jpg,ResNet50,resnet50,Good,0.578073,0.421927,outputs/checkpoints/best_resnet50_lr0.0001.pth,0.0001,af8dkst0,5,0.8652482269503546
p6_seed17,data/raw/p6_seed17.jpg,ResNet50,resnet50,Bad,0.378139,0.621861,outputs/checkpoints/best_resnet50_lr0.0001.pth,0.0001,af8dkst0,5,0.8652482269503546
p6_seed18,data/raw/p6_seed18.jpg,ResNet50,resnet50,Bad,0.482847,0.517153,outputs/checkpoints/best_resnet50_lr0.0001.pth,0.0001,af8dkst0,5,0.8652482269503546
p6_seed19,data/raw/p6_seed19.jpg,ResNet50,resnet50,Good,0.811161,0.188839,outputs/checkpoints/best_resnet50_lr0.0001.pth,0.0001,af8dkst0,5,0.8652482269503546
p6_seed2,data/raw/p6_seed2.jpg,ResNet50,resnet50,Good,0.630552,0.369449,outputs/checkpoints/best_resnet50_lr0.0001.pth,0.0001,af8dkst0,5,0.8652482269503546
p6_seed3,data/raw/p6_seed3.jpg,ResNet50,resnet50,Bad,0.380554,0.619446,outputs/checkpoints/best_resnet50_lr0.0001.pth,0.0001,af8dkst0,5,0.8652482269503546
p6_seed4,data/raw/p6_seed4.jpg,ResNet50,resnet50,Good,0.925419,0.074581,outputs/checkpoints/best_resnet50_lr0.0001.pth,0.0001,af8dkst0,5,0.8652482269503546
p6_seed5,data/raw/p6_seed5.jpg,ResNet50,resnet50,Good,0.725189,0.274811,outputs/checkpoints/best_resnet50_lr0.0001.pth,0.0001,af8dkst0,5,0.8652482269503546
p6_seed6,data/raw/p6_seed6.jpg,ResNet50,resnet50,Bad,0.494832,0.505168,outputs/checkpoints/best_resnet50_lr0.0001.pth,0.0001,af8dkst0,5,0.8652482269503546
p6_seed7,data/raw/p6_seed7.jpg,ResNet50,resnet50,Good,0.655192,0.344808,outputs/checkpoints/best_resnet50_lr0.0001.pth,0.0001,af8dkst0,5,0.8652482269503546
p6_seed8,data/raw/p6_seed8.jpg,ResNet50,resnet50,Good,0.716564,0.283436,outputs/checkpoints/best_resnet50_lr0.0001.pth,0.0001,af8dkst0,5,0.8652482269503546
p6_seed9,data/raw/p6_seed9.jpg,ResNet50,resnet50,Bad,0.353854,0.646146,outputs/checkpoints/best_resnet50_lr0.0001.pth,0.0001,af8dkst0,5,0.8652482269503546
p7_img0,data/raw/p7_img0.png,ResNet50,resnet50,Good,0.93257,0.06743,outputs/checkpoints/best_resnet50_lr0.0001.pth,0.0001,af8dkst0,5,0.8652482269503546
p7_img1,data/raw/p7_img1.png,ResNet50,resnet50,Good,0.970486,0.029514,outputs/checkpoints/best_resnet50_lr0.0001.pth,0.0001,af8dkst0,5,0.8652482269503546
p7_img10,data/raw/p7_img10.png,ResNet50,resnet50,Good,0.952653,0.047347,outputs/checkpoints/best_resnet50_lr0.0001.pth,0.0001,af8dkst0,5,0.8652482269503546
p7_img11,data/raw/p7_img11.png,ResNet50,resnet50,Good,0.977205,0.022795,outputs/checkpoints/best_resnet50_lr0.0001.pth,0.0001,af8dkst0,5,0.8652482269503546
p7_img12,data/raw/p7_img12.png,ResNet50,resnet50,Good,0.532209,0.467791,outputs/checkpoints/best_resnet50_lr0.0001.pth,0.0001,af8dkst0,5,0.8652482269503546
p7_img13,data/raw/p7_img13.png,ResNet50,resnet50,Good,0.987495,0.012505,outputs/checkpoints/best_resnet50_lr0.0001.pth,0.0001,af8dkst0,5,0.8652482269503546
p7_img14,data/raw/p7_img14.png,ResNet50,resnet50,Good,0.998673,0.001327,outputs/checkpoints/best_resnet50_lr0.0001.pth,0.0001,af8dkst0,5,0.8652482269503546
p7_img15,data/raw/p7_img15.png,ResNet50,resnet50,Good,0.961676,0.038324,outputs/checkpoints/best_resnet50_lr0.0001.pth,0.0001,af8dkst0,5,0.8652482269503546
p7_img16,data/raw/p7_img16.png,ResNet50,resnet50,Good,0.848742,0.151258,outputs/checkpoints/best_resnet50_lr0.0001.pth,0.0001,af8dkst0,5,0.8652482269503546
p7_img17,data/raw/p7_img17.png,ResNet50,resnet50,Good,0.999671,0.000329,outputs/checkpoints/best_resnet50_lr0.0001.pth,0.0001,af8dkst0,5,0.8652482269503546
p7_img18,data/raw/p7_img18.png,ResNet50,resnet50,Good,0.99178,0.00822,outputs/checkpoints/best_resnet50_lr0.0001.pth,0.0001,af8dkst0,5,0.8652482269503546
p7_img19,data/raw/p7_img19.png,ResNet50,resnet50,Good,0.995917,0.004083,outputs/checkpoints/best_resnet50_lr0.0001.pth,0.0001,af8dkst0,5,0.8652482269503546
p7_img2,data/raw/p7_img2.png,ResNet50,resnet50,Good,0.978461,0.021539,outputs/checkpoints/best_resnet50_lr0.0001.pth,0.0001,af8dkst0,5,0.8652482269503546
p7_img20,data/raw/p7_img20.png,ResNet50,resnet50,Good,0.981059,0.018941,outputs/checkpoints/best_resnet50_lr0.0001.pth,0.0001,af8dkst0,5,0.8652482269503546
p7_img21,data/raw/p7_img21.png,ResNet50,resnet50,Good,0.999898,0.000102,outputs/checkpoints/best_resnet50_lr0.0001.pth,0.0001,af8dkst0,5,0.8652482269503546
p7_img22,data/raw/p7_img22.png,ResNet50,resnet50,Good,0.998917,0.001083,outputs/checkpoints/best_resnet50_lr0.0001.pth,0.0001,af8dkst0,5,0.8652482269503546
p7_img23,data/raw/p7_img23.png,ResNet50,resnet50,Good,0.981318,0.018682,outputs/checkpoints/best_resnet50_lr0.0001.pth,0.0001,af8dkst0,5,0.8652482269503546
p7_img24,data/raw/p7_img24.png,ResNet50,resnet50,Good,0.988398,0.011602,outputs/checkpoints/best_resnet50_lr0.0001.pth,0.0001,af8dkst0,5,0.8652482269503546
p7_img25,data/raw/p7_img25.png,ResNet50,resnet50,Good,0.981803,0.018197,outputs/checkpoints/best_resnet50_lr0.0001.pth,0.0001,af8dkst0,5,0.8652482269503546
p7_img26,data/raw/p7_img26.png,ResNet50,resnet50,Good,0.937639,0.062361,outputs/checkpoints/best_resnet50_lr0.0001.pth,0.0001,af8dkst0,5,0.8652482269503546
p7_img27,data/raw/p7_img27.png,ResNet50,resnet50,Good,0.983827,0.016173,outputs/checkpoints/best_resnet50_lr0.0001.pth,0.0001,af8dkst0,5,0.8652482269503546
p7_img28,data/raw/p7_img28.png,ResNet50,resnet50,Bad,0.315447,0.684553,outputs/checkpoints/best_resnet50_lr0.0001.pth,0.0001,af8dkst0,5,0.8652482269503546
p7_img29,data/raw/p7_img29.png,ResNet50,resnet50,Good,0.614896,0.385104,outputs/checkpoints/best_resnet50_lr0.0001.pth,0.0001,af8dkst0,5,0.8652482269503546
p7_img3,data/raw/p7_img3.png,ResNet50,resnet50,Good,0.98757,0.01243,outputs/checkpoints/best_resnet50_lr0.0001.pth,0.0001,af8dkst0,5,0.8652482269503546
p7_img4,data/raw/p7_img4.png,ResNet50,resnet50,Good,0.796294,0.203706,outputs/checkpoints/best_resnet50_lr0.0001.pth,0.0001,af8dkst0,5,0.8652482269503546
p7_img5,data/raw/p7_img5.png,ResNet50,resnet50,Good,0.990762,0.009238,outputs/checkpoints/best_resnet50_lr0.0001.pth,0.0001,af8dkst0,5,0.8652482269503546
p7_img6,data/raw/p7_img6.png,ResNet50,resnet50,Good,0.97979,0.02021,outputs/checkpoints/best_resnet50_lr0.0001.pth,0.0001,af8dkst0,5,0.8652482269503546
p7_img7,data/raw/p7_img7.png,ResNet50,resnet50,Good,0.993308,0.006692,outputs/checkpoints/best_resnet50_lr0.0001.pth,0.0001,af8dkst0,5,0.8652482269503546
p7_img8,data/raw/p7_img8.png,ResNet50,resnet50,Good,0.998792,0.001208,outputs/checkpoints/best_resnet50_lr0.0001.pth,0.0001,af8dkst0,5,0.8652482269503546
p7_img9,data/raw/p7_img9.png,ResNet50,resnet50,Good,0.993697,0.006303,outputs/checkpoints/best_resnet50_lr0.0001.pth,0.0001,af8dkst0,5,0.8652482269503546
p8_img0,data/raw/p8_img0.png,ResNet50,resnet50,Good,0.986608,0.013392,outputs/checkpoints/best_resnet50_lr0.0001.pth,0.0001,af8dkst0,5,0.8652482269503546
p8_img1,data/raw/p8_img1.png,ResNet50,resnet50,Good,0.712148,0.287852,outputs/checkpoints/best_resnet50_lr0.0001.pth,0.0001,af8dkst0,5,0.8652482269503546
p8_img10,data/raw/p8_img10.png,ResNet50,resnet50,Good,0.623645,0.376355,outputs/checkpoints/best_resnet50_lr0.0001.pth,0.0001,af8dkst0,5,0.8652482269503546
p8_img11,data/raw/p8_img11.png,ResNet50,resnet50,Good,0.98319,0.01681,outputs/checkpoints/best_resnet50_lr0.0001.pth,0.0001,af8dkst0,5,0.8652482269503546
p8_img12,data/raw/p8_img12.png,ResNet50,resnet50,Good,0.972245,0.027755,outputs/checkpoints/best_resnet50_lr0.0001.pth,0.0001,af8dkst0,5,0.8652482269503546
p8_img13,data/raw/p8_img13.png,ResNet50,resnet50,Good,0.999971,2.9e-05,outputs/checkpoints/best_resnet50_lr0.0001.pth,0.0001,af8dkst0,5,0.8652482269503546
p8_img14,data/raw/p8_img14.png,ResNet50,resnet50,Good,0.999249,0.000751,outputs/checkpoints/best_resnet50_lr0.0001.pth,0.0001,af8dkst0,5,0.8652482269503546
p8_img15,data/raw/p8_img15.png,ResNet50,resnet50,Good,0.999997,3e-06,outputs/checkpoints/best_resnet50_lr0.0001.pth,0.0001,af8dkst0,5,0.8652482269503546
p8_img16,data/raw/p8_img16.png,ResNet50,resnet50,Good,0.925615,0.074385,outputs/checkpoints/best_resnet50_lr0.0001.pth,0.0001,af8dkst0,5,0.8652482269503546
p8_img17,data/raw/p8_img17.png,ResNet50,resnet50,Good,0.999983,1.7e-05,outputs/checkpoints/best_resnet50_lr0.0001.pth,0.0001,af8dkst0,5,0.8652482269503546
p8_img18,data/raw/p8_img18.png,ResNet50,resnet50,Good,0.991614,0.008386,outputs/checkpoints/best_resnet50_lr0.0001.pth,0.0001,af8dkst0,5,0.8652482269503546
p8_img19,data/raw/p8_img19.png,ResNet50,resnet50,Good,0.997639,0.002361,outputs/checkpoints/best_resnet50_lr0.0001.pth,0.0001,af8dkst0,5,0.8652482269503546
p8_img2,data/raw/p8_img2.png,ResNet50,resnet50,Good,0.99067,0.00933,outputs/checkpoints/best_resnet50_lr0.0001.pth,0.0001,af8dkst0,5,0.8652482269503546
p8_img20,data/raw/p8_img20.png,ResNet50,resnet50,Good,0.997871,0.002129,outputs/checkpoints/best_resnet50_lr0.0001.pth,0.0001,af8dkst0,5,0.8652482269503546
p8_img21,data/raw/p8_img21.png,ResNet50,resnet50,Good,0.999531,0.000469,outputs/checkpoints/best_resnet50_lr0.0001.pth,0.0001,af8dkst0,5,0.8652482269503546
p8_img22,data/raw/p8_img22.png,ResNet50,resnet50,Good,0.999039,0.000961,outputs/checkpoints/best_resnet50_lr0.0001.pth,0.0001,af8dkst0,5,0.8652482269503546
p8_img23,data/raw/p8_img23.png,ResNet50,resnet50,Good,0.979544,0.020456,outputs/checkpoints/best_resnet50_lr0.0001.pth,0.0001,af8dkst0,5,0.8652482269503546
p8_img24,data/raw/p8_img24.png,ResNet50,resnet50,Good,0.958416,0.041584,outputs/checkpoints/best_resnet50_lr0.0001.pth,0.0001,af8dkst0,5,0.8652482269503546
p8_img25,data/raw/p8_img25.png,ResNet50,resnet50,Good,0.999466,0.000534,outputs/checkpoints/best_resnet50_lr0.0001.pth,0.0001,af8dkst0,5,0.8652482269503546
p8_img26,data/raw/p8_img26.png,ResNet50,resnet50,Good,0.631518,0.368483,outputs/checkpoints/best_resnet50_lr0.0001.pth,0.0001,af8dkst0,5,0.8652482269503546
p8_img27,data/raw/p8_img27.png,ResNet50,resnet50,Good,0.996123,0.003877,outputs/checkpoints/best_resnet50_lr0.0001.pth,0.0001,af8dkst0,5,0.8652482269503546
p8_img28,data/raw/p8_img28.png,ResNet50,resnet50,Good,0.978807,0.021193,outputs/checkpoints/best_resnet50_lr0.0001.pth,0.0001,af8dkst0,5,0.8652482269503546
p8_img29,data/raw/p8_img29.png,ResNet50,resnet50,Good,0.982491,0.017509,outputs/checkpoints/best_resnet50_lr0.0001.pth,0.0001,af8dkst0,5,0.8652482269503546
p8_img3,data/raw/p8_img3.png,ResNet50,resnet50,Good,0.996127,0.003873,outputs/checkpoints/best_resnet50_lr0.0001.pth,0.0001,af8dkst0,5,0.8652482269503546
p8_img4,data/raw/p8_img4.png,ResNet50,resnet50,Good,0.960898,0.039102,outputs/checkpoints/best_resnet50_lr0.0001.pth,0.0001,af8dkst0,5,0.8652482269503546
p8_img5,data/raw/p8_img5.png,ResNet50,resnet50,Good,0.999989,1.1e-05,outputs/checkpoints/best_resnet50_lr0.0001.pth,0.0001,af8dkst0,5,0.8652482269503546
p8_img6,data/raw/p8_img6.png,ResNet50,resnet50,Good,0.986968,0.013032,outputs/checkpoints/best_resnet50_lr0.0001.pth,0.0001,af8dkst0,5,0.8652482269503546
p8_img7,data/raw/p8_img7.png,ResNet50,resnet50,Good,0.994945,0.005055,outputs/checkpoints/best_resnet50_lr0.0001.pth,0.0001,af8dkst0,5,0.8652482269503546
p8_img8,data/raw/p8_img8.png,ResNet50,resnet50,Good,0.99505,0.00495,outputs/checkpoints/best_resnet50_lr0.0001.pth,0.0001,af8dkst0,5,0.8652482269503546
p8_img9,data/raw/p8_img9.png,ResNet50,resnet50,Good,0.995623,0.004377,outputs/checkpoints/best_resnet50_lr0.0001.pth,0.0001,af8dkst0,5,0.8652482269503546
p9_img0,data/raw/p9_img0.png,ResNet50,resnet50,Good,0.753152,0.246848,outputs/checkpoints/best_resnet50_lr0.0001.pth,0.0001,af8dkst0,5,0.8652482269503546
p9_img1,data/raw/p9_img1.png,ResNet50,resnet50,Good,0.70879,0.29121,outputs/checkpoints/best_resnet50_lr0.0001.pth,0.0001,af8dkst0,5,0.8652482269503546
p9_img10,data/raw/p9_img10.png,ResNet50,resnet50,Good,0.988107,0.011893,outputs/checkpoints/best_resnet50_lr0.0001.pth,0.0001,af8dkst0,5,0.8652482269503546
p9_img11,data/raw/p9_img11.png,ResNet50,resnet50,Bad,0.447629,0.552371,outputs/checkpoints/best_resnet50_lr0.0001.pth,0.0001,af8dkst0,5,0.8652482269503546
p9_img12,data/raw/p9_img12.png,ResNet50,resnet50,Good,0.566909,0.433091,outputs/checkpoints/best_resnet50_lr0.0001.pth,0.0001,af8dkst0,5,0.8652482269503546
p9_img13,data/raw/p9_img13.png,ResNet50,resnet50,Good,0.994268,0.005733,outputs/checkpoints/best_resnet50_lr0.0001.pth,0.0001,af8dkst0,5,0.8652482269503546
p9_img14,data/raw/p9_img14.png,ResNet50,resnet50,Good,0.589228,0.410772,outputs/checkpoints/best_resnet50_lr0.0001.pth,0.0001,af8dkst0,5,0.8652482269503546
p9_img15,data/raw/p9_img15.png,ResNet50,resnet50,Bad,0.496139,0.503861,outputs/checkpoints/best_resnet50_lr0.0001.pth,0.0001,af8dkst0,5,0.8652482269503546
p9_img16,data/raw/p9_img16.png,ResNet50,resnet50,Good,0.931489,0.068511,outputs/checkpoints/best_resnet50_lr0.0001.pth,0.0001,af8dkst0,5,0.8652482269503546
p9_img17,data/raw/p9_img17.png,ResNet50,resnet50,Good,0.891589,0.108411,outputs/checkpoints/best_resnet50_lr0.0001.pth,0.0001,af8dkst0,5,0.8652482269503546
p9_img18,data/raw/p9_img18.png,ResNet50,resnet50,Good,0.946967,0.053033,outputs/checkpoints/best_resnet50_lr0.0001.pth,0.0001,af8dkst0,5,0.8652482269503546
p9_img19,data/raw/p9_img19.png,ResNet50,resnet50,Good,0.832549,0.167451,outputs/checkpoints/best_resnet50_lr0.0001.pth,0.0001,af8dkst0,5,0.8652482269503546
p9_img2,data/raw/p9_img2.png,ResNet50,resnet50,Bad,0.489136,0.510864,outputs/checkpoints/best_resnet50_lr0.0001.pth,0.0001,af8dkst0,5,0.8652482269503546
p9_img20,data/raw/p9_img20.png,ResNet50,resnet50,Good,0.621872,0.378128,outputs/checkpoints/best_resnet50_lr0.0001.pth,0.0001,af8dkst0,5,0.8652482269503546
p9_img21,data/raw/p9_img21.png,ResNet50,resnet50,Good,0.900829,0.099171,outputs/checkpoints/best_resnet50_lr0.0001.pth,0.0001,af8dkst0,5,0.8652482269503546
p9_img22,data/raw/p9_img22.png,ResNet50,resnet50,Good,0.993703,0.006297,outputs/checkpoints/best_resnet50_lr0.0001.pth,0.0001,af8dkst0,5,0.8652482269503546
p9_img23,data/raw/p9_img23.png,ResNet50,resnet50,Good,0.921,0.079,outputs/checkpoints/best_resnet50_lr0.0001.pth,0.0001,af8dkst0,5,0.8652482269503546
p9_img24,data/raw/p9_img24.png,ResNet50,resnet50,Good,0.985643,0.014357,outputs/checkpoints/best_resnet50_lr0.0001.pth,0.0001,af8dkst0,5,0.8652482269503546
p9_img25,data/raw/p9_img25.png,ResNet50,resnet50,Good,0.847751,0.152249,outputs/checkpoints/best_resnet50_lr0.0001.pth,0.0001,af8dkst0,5,0.8652482269503546
p9_img26,data/raw/p9_img26.png,ResNet50,resnet50,Good,0.917764,0.082236,outputs/checkpoints/best_resnet50_lr0.0001.pth,0.0001,af8dkst0,5,0.8652482269503546
p9_img27,data/raw/p9_img27.png,ResNet50,resnet50,Good,0.877699,0.122301,outputs/checkpoints/best_resnet50_lr0.0001.pth,0.0001,af8dkst0,5,0.8652482269503546
p9_img28,data/raw/p9_img28.png,ResNet50,resnet50,Good,0.56669,0.43331,outputs/checkpoints/best_resnet50_lr0.0001.pth,0.0001,af8dkst0,5,0.8652482269503546
p9_img29,data/raw/p9_img29.png,ResNet50,resnet50,Good,0.738085,0.261915,outputs/checkpoints/best_resnet50_lr0.0001.pth,0.0001,af8dkst0,5,0.8652482269503546
p9_img3,data/raw/p9_img3.png,ResNet50,resnet50,Good,0.777618,0.222382,outputs/checkpoints/best_resnet50_lr0.0001.pth,0.0001,af8dkst0,5,0.8652482269503546
p9_img4,data/raw/p9_img4.png,ResNet50,resnet50,Good,0.930656,0.069344,outputs/checkpoints/best_resnet50_lr0.0001.pth,0.0001,af8dkst0,5,0.8652482269503546
p9_img5,data/raw/p9_img5.png,ResNet50,resnet50,Good,0.814252,0.185748,outputs/checkpoints/best_resnet50_lr0.0001.pth,0.0001,af8dkst0,5,0.8652482269503546
p9_img6,data/raw/p9_img6.png,ResNet50,resnet50,Good,0.689215,0.310785,outputs/checkpoints/best_resnet50_lr0.0001.pth,0.0001,af8dkst0,5,0.8652482269503546
p9_img7,data/raw/p9_img7.png,ResNet50,resnet50,Good,0.987664,0.012336,outputs/checkpoints/best_resnet50_lr0.0001.pth,0.0001,af8dkst0,5,0.8652482269503546
p9_img8,data/raw/p9_img8.png,ResNet50,resnet50,Good,0.983386,0.016614,outputs/checkpoints/best_resnet50_lr0.0001.pth,0.0001,af8dkst0,5,0.8652482269503546
p9_img9,data/raw/p9_img9.png,ResNet50,resnet50,Good,0.76829,0.23171,outputs/checkpoints/best_resnet50_lr0.0001.pth,0.0001,af8dkst0,5,0.8652482269503546
